fecha,eurclp
2001-09-04,603.33
2001-09-05,587.97
2001-09-06,589.72
2001-09-07,597.24
2001-09-08,
2001-09-09,
2001-09-10,603.71
2001-09-11,600.29
2001-09-12,627.22
2001-09-13,615.54
2001-09-14,619.39
2001-09-15,
2001-09-16,
2001-09-17,634.56
2001-09-18,
2001-09-19,
2001-09-20,641.27
2001-09-21,644.31
2001-09-22,
2001-09-23,
2001-09-24,634.4
2001-09-25,633.02
2001-09-26,637.81
2001-09-27,641.58
2001-09-28,638.74
2001-09-29,
2001-09-30,
2001-10-01,632.53
2001-10-02,638.1
2001-10-03,638.94
2001-10-04,636.86
2001-10-05,642.85
2001-10-06,
2001-10-07,
2001-10-08,649.83
2001-10-09,656.38
2001-10-10,652.36
2001-10-11,651.06
2001-10-12,637.34
2001-10-13,
2001-10-14,
2001-10-15,
2001-10-16,643.9
2001-10-17,643.06
2001-10-18,633.84
2001-10-19,640.52
2001-10-20,
2001-10-21,
2001-10-22,640.98
2001-10-23,635.08
2001-10-24,629.69
2001-10-25,636.54
2001-10-26,639.23
2001-10-27,
2001-10-28,
2001-10-29,638.07
2001-10-30,647.87
2001-10-31,649.17
2001-11-01,
2001-11-02,641.82
2001-11-03,
2001-11-04,
2001-11-05,645.27
2001-11-06,637.71
2001-11-07,633.12
2001-11-08,630.44
2001-11-09,622.24
2001-11-10,
2001-11-11,
2001-11-12,623.16
2001-11-13,628.29
2001-11-14,613.36
2001-11-15,605.66
2001-11-16,601.39
2001-11-17,
2001-11-18,
2001-11-19,601.93
2001-11-20,595.52
2001-11-21,599.13
2001-11-22,600.18
2001-11-23,593.05
2001-11-24,
2001-11-25,
2001-11-26,594.05
2001-11-27,591.16
2001-11-28,590.74
2001-11-29,597.71
2001-11-30,605.27
2001-12-01,
2001-12-02,
2001-12-03,617.79
2001-12-04,607.83
2001-12-05,597.49
2001-12-06,596.92
2001-12-07,604.3
2001-12-08,
2001-12-09,
2001-12-10,596.34
2001-12-11,592.08
2001-12-12,592.74
2001-12-13,600.67
2001-12-14,600.16
2001-12-15,
2001-12-16,
2001-12-17,605.13
2001-12-18,602.6
2001-12-19,598.24
2001-12-20,595.49
2001-12-21,597.62
2001-12-22,
2001-12-23,
2001-12-24,593.9
2001-12-25,
2001-12-26,582.86
2001-12-27,580.83
2001-12-28,579.63
2001-12-29,
2001-12-30,
2001-12-31,
2002-01-01,
2002-01-02,578.18
2002-01-03,594.3
2002-01-04,583.04
2002-01-05,
2002-01-06,
2002-01-07,582.01
2002-01-08,584.91
2002-01-09,585.99
2002-01-10,593.68
2002-01-11,602.57
2002-01-12,
2002-01-13,
2002-01-14,608.51
2002-01-15,602.25
2002-01-16,588.63
2002-01-17,593.82
2002-01-18,587.51
2002-01-19,
2002-01-20,
2002-01-21,592.13
2002-01-22,591.94
2002-01-23,590.53
2002-01-24,586.78
2002-01-25,590.25
2002-01-26,
2002-01-27,
2002-01-28,579.46
2002-01-29,580.64
2002-01-30,586.44
2002-01-31,584.8
2002-02-01,580.8
2002-02-02,
2002-02-03,
2002-02-04,583.97
2002-02-05,595.27
2002-02-06,596.46
2002-02-07,596.71
2002-02-08,598.44
2002-02-09,
2002-02-10,
2002-02-11,599.24
2002-02-12,601.53
2002-02-13,596.99
2002-02-14,589.14
2002-02-15,590.05
2002-02-16,
2002-02-17,
2002-02-18,590.87
2002-02-19,588.23
2002-02-20,590.24
2002-02-21,584.79
2002-02-22,586.08
2002-02-23,
2002-02-24,
2002-02-25,591.57
2002-02-26,586.69
2002-02-27,579.99
2002-02-28,583.31
2002-03-01,583.09
2002-03-02,
2002-03-03,
2002-03-04,580.06
2002-03-05,580.24
2002-03-06,579.14
2002-03-07,585.35
2002-03-08,587.82
2002-03-09,
2002-03-10,
2002-03-11,578.84
2002-03-12,579.55
2002-03-13,580.3
2002-03-14,578.35
2002-03-15,578.45
2002-03-16,
2002-03-17,
2002-03-18,579.35
2002-03-19,578.77
2002-03-20,579.26
2002-03-21,581.42
2002-03-22,582.54
2002-03-23,
2002-03-24,
2002-03-25,583.46
2002-03-26,587.67
2002-03-27,583.9
2002-03-28,579.99
2002-03-29,
2002-03-30,
2002-03-31,
2002-04-01,570.94
2002-04-02,578.8
2002-04-03,576.39
2002-04-04,579.79
2002-04-05,581.9
2002-04-06,
2002-04-07,
2002-04-08,574.04
2002-04-09,566.59
2002-04-10,569.73
2002-04-11,564.92
2002-04-12,568.55
2002-04-13,
2002-04-14,
2002-04-15,567.97
2002-04-16,568.74
2002-04-17,570.02
2002-04-18,572.96
2002-04-19,577.95
2002-04-20,
2002-04-21,
2002-04-22,577.23
2002-04-23,580.16
2002-04-24,
2002-04-25,580.66
2002-04-26,589.69
2002-04-27,
2002-04-28,
2002-04-29,587.65
2002-04-30,586.46
2002-05-01,
2002-05-02,581.8
2002-05-03,587.37
2002-05-04,
2002-05-05,
2002-05-06,598.95
2002-05-07,601.06
2002-05-08,599.29
2002-05-09,591.59
2002-05-10,596.97
2002-05-11,
2002-05-12,
2002-05-13,602.06
2002-05-14,597.05
2002-05-15,591.61
2002-05-16,594.75
2002-05-17,593.08
2002-05-18,
2002-05-19,
2002-05-20,600.13
2002-05-21,
2002-05-22,600.92
2002-05-23,605.78
2002-05-24,603.79
2002-05-25,
2002-05-26,
2002-05-27,
2002-05-28,603.39
2002-05-29,609.18
2002-05-30,612.15
2002-05-31,613.35
2002-06-01,
2002-06-02,
2002-06-03,612.3
2002-06-04,616.28
2002-06-05,621.81
2002-06-06,621.2
2002-06-07,626.14
2002-06-08,
2002-06-09,
2002-06-10,625.67
2002-06-11,624.21
2002-06-12,628.33
2002-06-13,629.6
2002-06-14,627.57
2002-06-15,
2002-06-16,
2002-06-17,631.84
2002-06-18,629.67
2002-06-19,635.94
2002-06-20,646.02
2002-06-21,661.29
2002-06-22,
2002-06-23,
2002-06-24,673.37
2002-06-25,681.39
2002-06-26,679.41
2002-06-27,692.24
2002-06-28,689.62
2002-06-29,
2002-06-30,
2002-07-01,681.91
2002-07-02,682.65
2002-07-03,688.96
2002-07-04,683.39
2002-07-05,677.94
2002-07-06,
2002-07-07,
2002-07-08,675.94
2002-07-09,690.84
2002-07-10,695.18
2002-07-11,690.83
2002-07-12,688.31
2002-07-13,
2002-07-14,
2002-07-15,687.4
2002-07-16,699.6
2002-07-17,704.05
2002-07-18,699.57
2002-07-19,699.86
2002-07-20,
2002-07-21,
2002-07-22,701.98
2002-07-23,696.93
2002-07-24,686.37
2002-07-25,697.74
2002-07-26,704.09
2002-07-27,
2002-07-28,
2002-07-29,693.3
2002-07-30,685.66
2002-07-31,689.47
2002-08-01,687.01
2002-08-02,692.79
2002-08-03,
2002-08-04,
2002-08-05,688.89
2002-08-06,685.25
2002-08-07,677.18
2002-08-08,679.29
2002-08-09,668.87
2002-08-10,
2002-08-11,
2002-08-12,674.76
2002-08-13,686.07
2002-08-14,688.1
2002-08-15,
2002-08-16,689.12
2002-08-17,
2002-08-18,
2002-08-19,689.0
2002-08-20,682.14
2002-08-21,685.01
2002-08-22,688.33
2002-08-23,683.76
2002-08-24,
2002-08-25,
2002-08-26,687.1
2002-08-27,686.29
2002-08-28,694.29
2002-08-29,698.93
2002-08-30,703.62
2002-08-31,
2002-09-01,
2002-09-02,697.31
2002-09-03,698.23
2002-09-04,712.37
2002-09-05,710.67
2002-09-06,711.64
2002-09-07,
2002-09-08,
2002-09-09,703.14
2002-09-10,701.35
2002-09-11,701.38
2002-09-12,702.28
2002-09-13,708.07
2002-09-14,
2002-09-15,
2002-09-16,701.05
2002-09-17,703.72
2002-09-18,
2002-09-19,
2002-09-20,707.41
2002-09-21,
2002-09-22,
2002-09-23,726.92
2002-09-24,731.94
2002-09-25,732.03
2002-09-26,727.57
2002-09-27,727.62
2002-09-28,
2002-09-29,
2002-09-30,732.82
2002-10-01,738.39
2002-10-02,734.02
2002-10-03,732.7
2002-10-04,734.27
2002-10-05,
2002-10-06,
2002-10-07,728.65
2002-10-08,730.61
2002-10-09,728.38
2002-10-10,742.88
2002-10-11,745.23
2002-10-12,
2002-10-13,
2002-10-14,733.19
2002-10-15,735.54
2002-10-16,729.73
2002-10-17,732.2
2002-10-18,724.39
2002-10-19,
2002-10-20,
2002-10-21,724.05
2002-10-22,720.42
2002-10-23,720.91
2002-10-24,716.82
2002-10-25,718.86
2002-10-26,
2002-10-27,
2002-10-28,718.85
2002-10-29,719.64
2002-10-30,722.52
2002-10-31,720.98
2002-11-01,
2002-11-02,
2002-11-03,
2002-11-04,720.46
2002-11-05,718.77
2002-11-06,718.73
2002-11-07,716.17
2002-11-08,723.59
2002-11-09,
2002-11-10,
2002-11-11,717.39
2002-11-12,717.64
2002-11-13,717.37
2002-11-14,712.95
2002-11-15,712.27
2002-11-16,
2002-11-17,
2002-11-18,712.67
2002-11-19,706.77
2002-11-20,700.28
2002-11-21,698.76
2002-11-22,697.49
2002-11-23,
2002-11-24,
2002-11-25,704.85
2002-11-26,703.33
2002-11-27,702.41
2002-11-28,700.3
2002-11-29,700.96
2002-11-30,
2002-12-01,
2002-12-02,699.06
2002-12-03,697.17
2002-12-04,700.99
2002-12-05,710.58
2002-12-06,709.25
2002-12-07,
2002-12-08,
2002-12-09,711.55
2002-12-10,712.37
2002-12-11,709.43
2002-12-12,704.61
2002-12-13,705.5
2002-12-14,
2002-12-15,
2002-12-16,709.62
2002-12-17,710.61
2002-12-18,712.8
2002-12-19,712.67
2002-12-20,716.04
2002-12-21,
2002-12-22,
2002-12-23,714.95
2002-12-24,719.71
2002-12-25,
2002-12-26,726.66
2002-12-27,735.17
2002-12-28,
2002-12-29,
2002-12-30,741.75
2002-12-31,
2003-01-01,
2003-01-02,752.55
2003-01-03,744.18
2003-01-04,
2003-01-05,
2003-01-06,745.43
2003-01-07,744.12
2003-01-08,743.13
2003-01-09,743.73
2003-01-10,746.38
2003-01-11,
2003-01-12,
2003-01-13,753.06
2003-01-14,750.29
2003-01-15,752.57
2003-01-16,756.93
2003-01-17,765.19
2003-01-18,
2003-01-19,
2003-01-20,774.46
2003-01-21,775.01
2003-01-22,778.23
2003-01-23,785.16
2003-01-24,783.75
2003-01-25,
2003-01-26,
2003-01-27,795.78
2003-01-28,799.48
2003-01-29,798.05
2003-01-30,799.38
2003-01-31,791.23
2003-02-01,
2003-02-02,
2003-02-03,790.88
2003-02-04,789.64
2003-02-05,803.62
2003-02-06,802.97
2003-02-07,805.65
2003-02-08,
2003-02-09,
2003-02-10,802.03
2003-02-11,799.32
2003-02-12,797.14
2003-02-13,801.18
2003-02-14,811.29
2003-02-15,
2003-02-16,
2003-02-17,806.36
2003-02-18,796.71
2003-02-19,791.3
2003-02-20,799.32
2003-02-21,808.83
2003-02-22,
2003-02-23,
2003-02-24,806.72
2003-02-25,811.66
2003-02-26,814.47
2003-02-27,813.18
2003-02-28,811.22
2003-03-01,
2003-03-02,
2003-03-03,809.01
2003-03-04,814.49
2003-03-05,820.75
2003-03-06,829.15
2003-03-07,828.59
2003-03-08,
2003-03-09,
2003-03-10,832.83
2003-03-11,837.25
2003-03-12,832.44
2003-03-13,830.59
2003-03-14,808.05
2003-03-15,
2003-03-16,
2003-03-17,795.34
2003-03-18,787.44
2003-03-19,782.72
2003-03-20,779.31
2003-03-21,787.46
2003-03-22,
2003-03-23,
2003-03-24,773.55
2003-03-25,780.68
2003-03-26,774.92
2003-03-27,775.25
2003-03-28,779.94
2003-03-29,
2003-03-30,
2003-03-31,784.81
2003-04-01,797.34
2003-04-02,793.33
2003-04-03,776.51
2003-04-04,774.71
2003-04-05,
2003-04-06,
2003-04-07,773.69
2003-04-08,766.65
2003-04-09,771.33
2003-04-10,776.27
2003-04-11,782.73
2003-04-12,
2003-04-13,
2003-04-14,777.5
2003-04-15,776.81
2003-04-16,776.95
2003-04-17,780.52
2003-04-18,
2003-04-19,
2003-04-20,
2003-04-21,776.38
2003-04-22,776.16
2003-04-23,785.84
2003-04-24,781.26
2003-04-25,782.22
2003-04-26,
2003-04-27,
2003-04-28,785.16
2003-04-29,779.97
2003-04-30,780.83
2003-05-01,
2003-05-02,787.24
2003-05-03,
2003-05-04,
2003-05-05,786.8
2003-05-06,789.41
2003-05-07,800.82
2003-05-08,791.6
2003-05-09,799.2
2003-05-10,
2003-05-11,
2003-05-12,798.71
2003-05-13,804.03
2003-05-14,799.33
2003-05-15,803.76
2003-05-16,805.26
2003-05-17,
2003-05-18,
2003-05-19,819.99
2003-05-20,827.75
2003-05-21,
2003-05-22,835.85
2003-05-23,829.05
2003-05-24,
2003-05-25,
2003-05-26,834.48
2003-05-27,836.76
2003-05-28,838.72
2003-05-29,837.81
2003-05-30,843.87
2003-05-31,
2003-06-01,
2003-06-02,840.91
2003-06-03,835.29
2003-06-04,837.4
2003-06-05,832.26
2003-06-06,848.76
2003-06-07,
2003-06-08,
2003-06-09,832.65
2003-06-10,841.33
2003-06-11,837.69
2003-06-12,842.27
2003-06-13,833.21
2003-06-14,
2003-06-15,
2003-06-16,
2003-06-17,839.54
2003-06-18,831.65
2003-06-19,825.19
2003-06-20,828.87
2003-06-21,
2003-06-22,
2003-06-23,817.88
2003-06-24,814.43
2003-06-25,809.39
2003-06-26,812.81
2003-06-27,802.6
2003-06-28,
2003-06-29,
2003-06-30,796.56
2003-07-01,803.86
2003-07-02,807.46
2003-07-03,803.21
2003-07-04,801.37
2003-07-05,
2003-07-06,
2003-07-07,801.83
2003-07-08,790.28
2003-07-09,796.99
2003-07-10,798.31
2003-07-11,802.68
2003-07-12,
2003-07-13,
2003-07-14,796.57
2003-07-15,792.23
2003-07-16,782.69
2003-07-17,782.69
2003-07-18,783.3
2003-07-19,
2003-07-20,
2003-07-21,791.13
2003-07-22,796.48
2003-07-23,796.92
2003-07-24,808.69
2003-07-25,806.65
2003-07-26,
2003-07-27,
2003-07-28,807.47
2003-07-29,804.29
2003-07-30,804.56
2003-07-31,800.77
2003-08-01,793.49
2003-08-02,
2003-08-03,
2003-08-04,798.13
2003-08-05,810.2
2003-08-06,809.2
2003-08-07,806.79
2003-08-08,804.13
2003-08-09,
2003-08-10,
2003-08-11,793.39
2003-08-12,797.01
2003-08-13,794.94
2003-08-14,796.67
2003-08-15,
2003-08-16,
2003-08-17,
2003-08-18,790.9
2003-08-19,783.8
2003-08-20,784.59
2003-08-21,781.1
2003-08-22,763.46
2003-08-23,
2003-08-24,
2003-08-25,759.18
2003-08-26,757.98
2003-08-27,759.56
2003-08-28,761.08
2003-08-29,760.45
2003-08-30,
2003-08-31,
2003-09-01,766.6
2003-09-02,764.8
2003-09-03,752.66
2003-09-04,750.74
2003-09-05,749.41
2003-09-06,
2003-09-07,
2003-09-08,757.5
2003-09-09,756.6
2003-09-10,767.22
2003-09-11,763.36
2003-09-12,755.09
2003-09-13,
2003-09-14,
2003-09-15,757.34
2003-09-16,757.01
2003-09-17,746.06
2003-09-18,
2003-09-19,
2003-09-20,
2003-09-21,
2003-09-22,752.72
2003-09-23,756.99
2003-09-24,751.34
2003-09-25,755.04
2003-09-26,756.37
2003-09-27,
2003-09-28,
2003-09-29,761.62
2003-09-30,771.25
2003-10-01,770.81
2003-10-02,771.14
2003-10-03,773.2
2003-10-04,
2003-10-05,
2003-10-06,763.54
2003-10-07,772.85
2003-10-08,770.3
2003-10-09,763.55
2003-10-10,757.13
2003-10-11,
2003-10-12,
2003-10-13,763.0
2003-10-14,753.3
2003-10-15,753.0
2003-10-16,752.63
2003-10-17,749.72
2003-10-18,
2003-10-19,
2003-10-20,754.74
2003-10-21,754.05
2003-10-22,752.29
2003-10-23,758.84
2003-10-24,747.97
2003-10-25,
2003-10-26,
2003-10-27,750.93
2003-10-28,747.54
2003-10-29,742.68
2003-10-30,740.82
2003-10-31,730.52
2003-11-01,
2003-11-02,
2003-11-03,726.2
2003-11-04,718.38
2003-11-05,718.82
2003-11-06,716.84
2003-11-07,717.71
2003-11-08,
2003-11-09,
2003-11-10,712.86
2003-11-11,709.09
2003-11-12,717.61
2003-11-13,730.45
2003-11-14,733.92
2003-11-15,
2003-11-16,
2003-11-17,734.14
2003-11-18,730.74
2003-11-19,750.24
2003-11-20,752.03
2003-11-21,750.8
2003-11-22,
2003-11-23,
2003-11-24,749.38
2003-11-25,736.37
2003-11-26,733.67
2003-11-27,744.46
2003-11-28,743.2
2003-11-29,
2003-11-30,
2003-12-01,745.02
2003-12-02,740.65
2003-12-03,741.55
2003-12-04,732.71
2003-12-05,735.28
2003-12-06,
2003-12-07,
2003-12-08,
2003-12-09,739.34
2003-12-10,738.05
2003-12-11,741.97
2003-12-12,735.6
2003-12-13,
2003-12-14,
2003-12-15,738.32
2003-12-16,733.56
2003-12-17,736.3
2003-12-18,743.31
2003-12-19,744.49
2003-12-20,
2003-12-21,
2003-12-22,736.77
2003-12-23,737.64
2003-12-24,739.12
2003-12-25,
2003-12-26,741.41
2003-12-27,
2003-12-28,
2003-12-29,737.14
2003-12-30,748.81
2003-12-31,
2004-01-01,
2004-01-02,744.95
2004-01-03,
2004-01-04,
2004-01-05,740.16
2004-01-06,733.92
2004-01-07,721.35
2004-01-08,718.95
2004-01-09,725.73
2004-01-10,
2004-01-11,
2004-01-12,719.34
2004-01-13,715.01
2004-01-14,718.21
2004-01-15,725.9
2004-01-16,716.79
2004-01-17,
2004-01-18,
2004-01-19,714.34
2004-01-20,707.81
2004-01-21,713.01
2004-01-22,714.16
2004-01-23,718.7
2004-01-24,
2004-01-25,
2004-01-26,721.27
2004-01-27,722.36
2004-01-28,729.35
2004-01-29,734.87
2004-01-30,739.5
2004-01-31,
2004-02-01,
2004-02-02,736.33
2004-02-03,716.39
2004-02-04,728.2
2004-02-05,737.07
2004-02-06,747.07
2004-02-07,
2004-02-08,
2004-02-09,760.03
2004-02-10,744.31
2004-02-11,740.8
2004-02-12,746.25
2004-02-13,739.76
2004-02-14,
2004-02-15,
2004-02-16,734.83
2004-02-17,740.2
2004-02-18,735.64
2004-02-19,729.97
2004-02-20,738.65
2004-02-21,
2004-02-22,
2004-02-23,733.43
2004-02-24,735.33
2004-02-25,748.6
2004-02-26,734.75
2004-02-27,739.39
2004-02-28,
2004-02-29,
2004-03-01,739.79
2004-03-02,732.03
2004-03-03,721.0
2004-03-04,728.89
2004-03-05,733.12
2004-03-06,
2004-03-07,
2004-03-08,734.55
2004-03-09,733.31
2004-03-10,736.47
2004-03-11,735.11
2004-03-12,738.81
2004-03-13,
2004-03-14,
2004-03-15,733.59
2004-03-16,740.79
2004-03-17,742.38
2004-03-18,744.71
2004-03-19,746.35
2004-03-20,
2004-03-21,
2004-03-22,744.83
2004-03-23,749.25
2004-03-24,752.92
2004-03-25,746.8
2004-03-26,746.13
2004-03-27,
2004-03-28,
2004-03-29,747.52
2004-03-30,750.35
2004-03-31,759.73
2004-04-01,758.38
2004-04-02,754.42
2004-04-03,
2004-04-04,
2004-04-05,739.42
2004-04-06,727.74
2004-04-07,730.24
2004-04-08,738.42
2004-04-09,
2004-04-10,
2004-04-11,
2004-04-12,726.54
2004-04-13,723.84
2004-04-14,712.12
2004-04-15,722.39
2004-04-16,725.51
2004-04-17,
2004-04-18,
2004-04-19,721.8
2004-04-20,720.12
2004-04-21,711.87
2004-04-22,721.21
2004-04-23,731.63
2004-04-24,
2004-04-25,
2004-04-26,725.57
2004-04-27,725.63
2004-04-28,735.51
2004-04-29,736.53
2004-04-30,748.22
2004-05-01,
2004-05-02,
2004-05-03,748.84
2004-05-04,745.0
2004-05-05,751.69
2004-05-06,757.63
2004-05-07,761.15
2004-05-08,
2004-05-09,
2004-05-10,759.56
2004-05-11,764.26
2004-05-12,760.5
2004-05-13,763.27
2004-05-14,759.33
2004-05-15,
2004-05-16,
2004-05-17,758.52
2004-05-18,771.54
2004-05-19,763.6
2004-05-20,763.2
2004-05-21,
2004-05-22,
2004-05-23,
2004-05-24,767.67
2004-05-25,769.61
2004-05-26,770.92
2004-05-27,773.11
2004-05-28,778.62
2004-05-29,
2004-05-30,
2004-05-31,771.88
2004-06-01,775.26
2004-06-02,785.99
2004-06-03,784.42
2004-06-04,786.23
2004-06-05,
2004-06-06,
2004-06-07,
2004-06-08,791.71
2004-06-09,785.97
2004-06-10,776.34
2004-06-11,786.04
2004-06-12,
2004-06-13,
2004-06-14,780.21
2004-06-15,781.89
2004-06-16,788.62
2004-06-17,779.86
2004-06-18,781.57
2004-06-19,
2004-06-20,
2004-06-21,784.72
2004-06-22,782.84
2004-06-23,778.49
2004-06-24,775.37
2004-06-25,772.19
2004-06-26,
2004-06-27,
2004-06-28,
2004-06-29,771.12
2004-06-30,768.83
2004-07-01,775.88
2004-07-02,769.74
2004-07-03,
2004-07-04,
2004-07-05,776.34
2004-07-06,774.93
2004-07-07,776.9
2004-07-08,781.84
2004-07-09,782.89
2004-07-10,
2004-07-11,
2004-07-12,789.41
2004-07-13,786.49
2004-07-14,782.06
2004-07-15,782.88
2004-07-16,777.35
2004-07-17,
2004-07-18,
2004-07-19,774.73
2004-07-20,773.84
2004-07-21,768.19
2004-07-22,768.74
2004-07-23,768.37
2004-07-24,
2004-07-25,
2004-07-26,764.69
2004-07-27,776.51
2004-07-28,776.72
2004-07-29,774.47
2004-07-30,768.1
2004-07-31,
2004-08-01,
2004-08-02,771.19
2004-08-03,774.49
2004-08-04,773.48
2004-08-05,775.02
2004-08-06,774.07
2004-08-07,
2004-08-08,
2004-08-09,785.46
2004-08-10,783.66
2004-08-11,780.22
2004-08-12,781.23
2004-08-13,785.56
2004-08-14,
2004-08-15,
2004-08-16,792.09
2004-08-17,789.29
2004-08-18,784.0
2004-08-19,783.86
2004-08-20,781.12
2004-08-21,
2004-08-22,
2004-08-23,779.16
2004-08-24,765.24
2004-08-25,756.38
2004-08-26,757.92
2004-08-27,760.94
2004-08-28,
2004-08-29,
2004-08-30,752.53
2004-08-31,758.05
2004-09-01,761.11
2004-09-02,763.69
2004-09-03,761.01
2004-09-04,
2004-09-05,
2004-09-06,752.52
2004-09-07,750.67
2004-09-08,753.52
2004-09-09,756.03
2004-09-10,752.98
2004-09-11,
2004-09-12,
2004-09-13,758.5
2004-09-14,754.73
2004-09-15,754.43
2004-09-16,747.71
2004-09-17,
2004-09-18,
2004-09-19,
2004-09-20,745.1
2004-09-21,742.08
2004-09-22,755.31
2004-09-23,751.64
2004-09-24,753.38
2004-09-25,
2004-09-26,
2004-09-27,752.13
2004-09-28,751.87
2004-09-29,746.87
2004-09-30,748.32
2004-10-01,757.34
2004-10-02,
2004-10-03,
2004-10-04,754.56
2004-10-05,741.27
2004-10-06,739.39
2004-10-07,737.68
2004-10-08,740.87
2004-10-09,
2004-10-10,
2004-10-11,
2004-10-12,740.47
2004-10-13,736.79
2004-10-14,744.12
2004-10-15,754.55
2004-10-16,
2004-10-17,
2004-10-18,762.36
2004-10-19,760.22
2004-10-20,761.95
2004-10-21,775.34
2004-10-22,772.75
2004-10-23,
2004-10-24,
2004-10-25,768.03
2004-10-26,783.38
2004-10-27,781.73
2004-10-28,775.67
2004-10-29,783.1
2004-10-30,
2004-10-31,
2004-11-01,
2004-11-02,785.33
2004-11-03,772.89
2004-11-04,774.8
2004-11-05,774.11
2004-11-06,
2004-11-07,
2004-11-08,777.6
2004-11-09,775.67
2004-11-10,778.67
2004-11-11,774.48
2004-11-12,777.32
2004-11-13,
2004-11-14,
2004-11-15,775.89
2004-11-16,765.47
2004-11-17,769.71
2004-11-18,767.4
2004-11-19,765.5
2004-11-20,
2004-11-21,
2004-11-22,768.79
2004-11-23,776.09
2004-11-24,773.98
2004-11-25,775.08
2004-11-26,778.8
2004-11-27,
2004-11-28,
2004-11-29,780.18
2004-11-30,781.12
2004-12-01,781.53
2004-12-02,780.79
2004-12-03,774.69
2004-12-04,
2004-12-05,
2004-12-06,782.43
2004-12-07,781.16
2004-12-08,
2004-12-09,781.35
2004-12-10,787.22
2004-12-11,
2004-12-12,
2004-12-13,789.73
2004-12-14,785.37
2004-12-15,769.79
2004-12-16,775.73
2004-12-17,763.12
2004-12-18,
2004-12-19,
2004-12-20,767.65
2004-12-21,756.96
2004-12-22,757.1
2004-12-23,758.79
2004-12-24,760.84
2004-12-25,
2004-12-26,
2004-12-27,759.41
2004-12-28,765.0
2004-12-29,761.96
2004-12-30,759.71
2004-12-31,
2005-01-01,
2005-01-02,
2005-01-03,760.13
2005-01-04,754.92
2005-01-05,757.19
2005-01-06,758.73
2005-01-07,750.36
2005-01-08,
2005-01-09,
2005-01-10,741.55
2005-01-11,741.99
2005-01-12,745.28
2005-01-13,755.46
2005-01-14,748.88
2005-01-15,
2005-01-16,
2005-01-17,748.15
2005-01-18,751.25
2005-01-19,756.52
2005-01-20,754.05
2005-01-21,757.35
2005-01-22,
2005-01-23,
2005-01-24,757.77
2005-01-25,753.63
2005-01-26,758.36
2005-01-27,765.04
2005-01-28,764.09
2005-01-29,
2005-01-30,
2005-01-31,763.95
2005-02-01,763.63
2005-02-02,761.3
2005-02-03,758.63
2005-02-04,748.42
2005-02-05,
2005-02-06,
2005-02-07,741.1
2005-02-08,736.23
2005-02-09,740.67
2005-02-10,742.82
2005-02-11,741.72
2005-02-12,
2005-02-13,
2005-02-14,736.3
2005-02-15,739.2
2005-02-16,739.06
2005-02-17,742.31
2005-02-18,741.09
2005-02-19,
2005-02-20,
2005-02-21,740.31
2005-02-22,739.81
2005-02-23,745.39
2005-02-24,749.07
2005-02-25,752.61
2005-02-26,
2005-02-27,
2005-02-28,764.02
2005-03-01,760.17
2005-03-02,762.62
2005-03-03,770.14
2005-03-04,768.79
2005-03-05,
2005-03-06,
2005-03-07,778.27
2005-03-08,773.78
2005-03-09,781.47
2005-03-10,790.99
2005-03-11,790.26
2005-03-12,
2005-03-13,
2005-03-14,786.58
2005-03-15,786.95
2005-03-16,785.83
2005-03-17,793.79
2005-03-18,789.83
2005-03-19,
2005-03-20,
2005-03-21,778.51
2005-03-22,772.69
2005-03-23,767.19
2005-03-24,762.51
2005-03-25,
2005-03-26,
2005-03-27,
2005-03-28,760.1
2005-03-29,759.62
2005-03-30,759.26
2005-03-31,758.77
2005-04-01,759.57
2005-04-02,
2005-04-03,
2005-04-04,754.79
2005-04-05,756.91
2005-04-06,755.45
2005-04-07,752.95
2005-04-08,745.62
2005-04-09,
2005-04-10,
2005-04-11,745.45
2005-04-12,744.81
2005-04-13,744.12
2005-04-14,739.32
2005-04-15,740.47
2005-04-16,
2005-04-17,
2005-04-18,748.86
2005-04-19,760.6
2005-04-20,757.49
2005-04-21,756.59
2005-04-22,756.97
2005-04-23,
2005-04-24,
2005-04-25,753.93
2005-04-26,750.1
2005-04-27,752.23
2005-04-28,750.05
2005-04-29,751.41
2005-04-30,
2005-05-01,
2005-05-02,749.4
2005-05-03,746.39
2005-05-04,744.44
2005-05-05,743.89
2005-05-06,741.82
2005-05-07,
2005-05-08,
2005-05-09,732.02
2005-05-10,734.86
2005-05-11,738.3
2005-05-12,739.14
2005-05-13,731.78
2005-05-14,
2005-05-15,
2005-05-16,728.55
2005-05-17,731.55
2005-05-18,731.93
2005-05-19,737.07
2005-05-20,732.38
2005-05-21,
2005-05-22,
2005-05-23,
2005-05-24,732.6
2005-05-25,730.64
2005-05-26,731.04
2005-05-27,728.78
2005-05-28,
2005-05-29,
2005-05-30,729.89
2005-05-31,723.26
2005-06-01,717.54
2005-06-02,716.72
2005-06-03,719.5
2005-06-04,
2005-06-05,
2005-06-06,717.31
2005-06-07,727.39
2005-06-08,726.46
2005-06-09,720.97
2005-06-10,723.66
2005-06-11,
2005-06-12,
2005-06-13,717.76
2005-06-14,716.82
2005-06-15,709.16
2005-06-16,712.24
2005-06-17,707.43
2005-06-18,
2005-06-19,
2005-06-20,712.68
2005-06-21,707.58
2005-06-22,705.09
2005-06-23,700.7
2005-06-24,698.25
2005-06-25,
2005-06-26,
2005-06-27,
2005-06-28,701.57
2005-06-29,700.4
2005-06-30,698.93
2005-07-01,700.8
2005-07-02,
2005-07-03,
2005-07-04,691.22
2005-07-05,692.03
2005-07-06,693.64
2005-07-07,696.53
2005-07-08,700.5
2005-07-09,
2005-07-10,
2005-07-11,698.96
2005-07-12,704.25
2005-07-13,709.64
2005-07-14,702.2
2005-07-15,700.76
2005-07-16,
2005-07-17,
2005-07-18,695.93
2005-07-19,691.48
2005-07-20,687.58
2005-07-21,696.66
2005-07-22,690.76
2005-07-23,
2005-07-24,
2005-07-25,683.15
2005-07-26,684.07
2005-07-27,679.86
2005-07-28,681.02
2005-07-29,683.79
2005-07-30,
2005-07-31,
2005-08-01,681.1
2005-08-02,683.26
2005-08-03,683.0
2005-08-04,689.96
2005-08-05,685.71
2005-08-06,
2005-08-07,
2005-08-08,673.94
2005-08-09,673.95
2005-08-10,675.92
2005-08-11,671.42
2005-08-12,671.27
2005-08-13,
2005-08-14,
2005-08-15,
2005-08-16,669.0
2005-08-17,659.52
2005-08-18,654.4
2005-08-19,657.36
2005-08-20,
2005-08-21,
2005-08-22,664.16
2005-08-23,662.74
2005-08-24,665.45
2005-08-25,674.42
2005-08-26,670.99
2005-08-27,
2005-08-28,
2005-08-29,668.59
2005-08-30,669.63
2005-08-31,666.28
2005-09-01,667.73
2005-09-02,674.3
2005-09-03,
2005-09-04,
2005-09-05,670.85
2005-09-06,670.17
2005-09-07,668.27
2005-09-08,668.64
2005-09-09,662.31
2005-09-10,
2005-09-11,
2005-09-12,664.07
2005-09-13,658.48
2005-09-14,660.27
2005-09-15,658.64
2005-09-16,655.25
2005-09-17,
2005-09-18,
2005-09-19,
2005-09-20,652.92
2005-09-21,648.48
2005-09-22,652.48
2005-09-23,651.89
2005-09-24,
2005-09-25,
2005-09-26,648.96
2005-09-27,649.62
2005-09-28,647.16
2005-09-29,647.09
2005-09-30,642.54
2005-10-01,
2005-10-02,
2005-10-03,636.13
2005-10-04,629.37
2005-10-05,627.9
2005-10-06,630.45
2005-10-07,644.65
2005-10-08,
2005-10-09,
2005-10-10,
2005-10-11,643.19
2005-10-12,632.49
2005-10-13,636.46
2005-10-14,642.7
2005-10-15,
2005-10-16,
2005-10-17,650.68
2005-10-18,644.77
2005-10-19,640.3
2005-10-20,644.27
2005-10-21,640.92
2005-10-22,
2005-10-23,
2005-10-24,643.4
2005-10-25,651.55
2005-10-26,657.95
2005-10-27,659.86
2005-10-28,663.5
2005-10-29,
2005-10-30,
2005-10-31,655.8
2005-11-01,
2005-11-02,651.2
2005-11-03,657.26
2005-11-04,650.57
2005-11-05,
2005-11-06,
2005-11-07,638.38
2005-11-08,631.08
2005-11-09,630.24
2005-11-10,624.62
2005-11-11,623.59
2005-11-12,
2005-11-13,
2005-11-14,616.66
2005-11-15,617.79
2005-11-16,614.55
2005-11-17,611.96
2005-11-18,614.49
2005-11-19,
2005-11-20,
2005-11-21,619.89
2005-11-22,616.4
2005-11-23,619.29
2005-11-24,620.22
2005-11-25,618.88
2005-11-26,
2005-11-27,
2005-11-28,613.55
2005-11-29,616.89
2005-11-30,611.91
2005-12-01,611.3
2005-12-02,604.81
2005-12-03,
2005-12-04,
2005-12-05,601.24
2005-12-06,606.39
2005-12-07,602.63
2005-12-08,
2005-12-09,597.05
2005-12-10,
2005-12-11,
2005-12-12,609.82
2005-12-13,612.85
2005-12-14,610.09
2005-12-15,618.53
2005-12-16,618.01
2005-12-17,
2005-12-18,
2005-12-19,621.38
2005-12-20,621.41
2005-12-21,610.6
2005-12-22,604.28
2005-12-23,608.9
2005-12-24,
2005-12-25,
2005-12-26,610.38
2005-12-27,609.33
2005-12-28,610.22
2005-12-29,609.24
2005-12-30,608.6
2005-12-31,
2006-01-01,
2006-01-02,606.08
2006-01-03,606.38
2006-01-04,620.63
2006-01-05,624.94
2006-01-06,624.65
2006-01-07,
2006-01-08,
2006-01-09,634.11
2006-01-10,630.52
2006-01-11,632.39
2006-01-12,634.85
2006-01-13,629.93
2006-01-14,
2006-01-15,
2006-01-16,637.89
2006-01-17,637.62
2006-01-18,640.13
2006-01-19,647.35
2006-01-20,646.77
2006-01-21,
2006-01-22,
2006-01-23,643.76
2006-01-24,652.26
2006-01-25,649.1
2006-01-26,645.23
2006-01-27,646.21
2006-01-28,
2006-01-29,
2006-01-30,637.04
2006-01-31,634.18
2006-02-01,638.46
2006-02-02,638.03
2006-02-03,640.17
2006-02-04,
2006-02-05,
2006-02-06,636.61
2006-02-07,628.7
2006-02-08,630.7
2006-02-09,633.99
2006-02-10,632.55
2006-02-11,
2006-02-12,
2006-02-13,628.46
2006-02-14,632.81
2006-02-15,633.22
2006-02-16,630.73
2006-02-17,628.01
2006-02-18,
2006-02-19,
2006-02-20,623.28
2006-02-21,625.84
2006-02-22,618.12
2006-02-23,619.49
2006-02-24,616.18
2006-02-25,
2006-02-26,
2006-02-27,614.69
2006-02-28,614.04
2006-03-01,617.12
2006-03-02,615.47
2006-03-03,622.8
2006-03-04,
2006-03-05,
2006-03-06,628.34
2006-03-07,630.83
2006-03-08,629.16
2006-03-09,636.25
2006-03-10,631.76
2006-03-11,
2006-03-12,
2006-03-13,631.89
2006-03-14,636.15
2006-03-15,637.82
2006-03-16,636.23
2006-03-17,641.06
2006-03-18,
2006-03-19,
2006-03-20,642.08
2006-03-21,644.42
2006-03-22,645.27
2006-03-23,642.49
2006-03-24,635.42
2006-03-25,
2006-03-26,
2006-03-27,642.03
2006-03-28,642.57
2006-03-29,644.35
2006-03-30,643.03
2006-03-31,641.58
2006-04-01,
2006-04-02,
2006-04-03,637.56
2006-04-04,637.93
2006-04-05,638.75
2006-04-06,639.78
2006-04-07,634.76
2006-04-08,
2006-04-09,
2006-04-10,627.75
2006-04-11,626.38
2006-04-12,626.39
2006-04-13,620.24
2006-04-14,
2006-04-15,
2006-04-16,
2006-04-17,623.58
2006-04-18,626.88
2006-04-19,629.62
2006-04-20,635.81
2006-04-21,637.29
2006-04-22,
2006-04-23,
2006-04-24,637.14
2006-04-25,639.0
2006-04-26,640.66
2006-04-27,644.43
2006-04-28,650.06
2006-04-29,
2006-04-30,
2006-05-01,
2006-05-02,649.72
2006-05-03,651.6
2006-05-04,652.75
2006-05-05,654.11
2006-05-06,
2006-05-07,
2006-05-08,653.74
2006-05-09,652.23
2006-05-10,657.41
2006-05-11,656.96
2006-05-12,659.52
2006-05-13,
2006-05-14,
2006-05-15,666.69
2006-05-16,668.1
2006-05-17,667.06
2006-05-18,663.99
2006-05-19,670.58
2006-05-20,
2006-05-21,
2006-05-22,668.98
2006-05-23,681.26
2006-05-24,679.79
2006-05-25,680.61
2006-05-26,676.27
2006-05-27,
2006-05-28,
2006-05-29,668.6
2006-05-30,670.55
2006-05-31,683.63
2006-06-01,681.54
2006-06-02,680.66
2006-06-03,
2006-06-04,
2006-06-05,684.46
2006-06-06,689.13
2006-06-07,688.82
2006-06-08,693.04
2006-06-09,690.09
2006-06-10,
2006-06-11,
2006-06-12,
2006-06-13,683.98
2006-06-14,685.74
2006-06-15,686.3
2006-06-16,683.78
2006-06-17,
2006-06-18,
2006-06-19,686.51
2006-06-20,687.26
2006-06-21,689.35
2006-06-22,690.86
2006-06-23,687.68
2006-06-24,
2006-06-25,
2006-06-26,
2006-06-27,687.81
2006-06-28,689.8
2006-06-29,689.38
2006-06-30,692.62
2006-07-01,
2006-07-02,
2006-07-03,689.91
2006-07-04,688.21
2006-07-05,688.53
2006-07-06,688.32
2006-07-07,688.44
2006-07-08,
2006-07-09,
2006-07-10,690.22
2006-07-11,685.87
2006-07-12,690.29
2006-07-13,685.01
2006-07-14,687.22
2006-07-15,
2006-07-16,
2006-07-17,688.65
2006-07-18,683.61
2006-07-19,680.64
2006-07-20,683.23
2006-07-21,681.81
2006-07-22,
2006-07-23,
2006-07-24,686.18
2006-07-25,683.64
2006-07-26,679.71
2006-07-27,688.8
2006-07-28,685.72
2006-07-29,
2006-07-30,
2006-07-31,687.94
2006-08-01,689.42
2006-08-02,695.45
2006-08-03,692.49
2006-08-04,695.56
2006-08-05,
2006-08-06,
2006-08-07,697.72
2006-08-08,697.7
2006-08-09,700.24
2006-08-10,699.5
2006-08-11,697.75
2006-08-12,
2006-08-13,
2006-08-14,689.59
2006-08-15,
2006-08-16,689.23
2006-08-17,688.28
2006-08-18,680.72
2006-08-19,
2006-08-20,
2006-08-21,682.33
2006-08-22,684.44
2006-08-23,679.87
2006-08-24,681.11
2006-08-25,681.83
2006-08-26,
2006-08-27,
2006-08-28,685.16
2006-08-29,686.79
2006-08-30,690.34
2006-08-31,690.16
2006-09-01,691.1
2006-09-02,
2006-09-03,
2006-09-04,692.02
2006-09-05,690.47
2006-09-06,689.0
2006-09-07,691.61
2006-09-08,688.3
2006-09-09,
2006-09-10,
2006-09-11,683.81
2006-09-12,686.13
2006-09-13,682.79
2006-09-14,682.42
2006-09-15,684.26
2006-09-16,
2006-09-17,
2006-09-18,
2006-09-19,
2006-09-20,679.99
2006-09-21,682.37
2006-09-22,690.02
2006-09-23,
2006-09-24,
2006-09-25,690.33
2006-09-26,688.52
2006-09-27,682.91
2006-09-28,682.46
2006-09-29,683.89
2006-09-30,
2006-10-01,
2006-10-02,680.99
2006-10-03,680.21
2006-10-04,679.99
2006-10-05,680.39
2006-10-06,681.27
2006-10-07,
2006-10-08,
2006-10-09,
2006-10-10,677.2
2006-10-11,672.74
2006-10-12,671.83
2006-10-13,669.79
2006-10-14,
2006-10-15,
2006-10-16,665.52
2006-10-17,665.01
2006-10-18,666.24
2006-10-19,660.99
2006-10-20,665.37
2006-10-21,
2006-10-22,
2006-10-23,664.04
2006-10-24,661.14
2006-10-25,662.88
2006-10-26,660.98
2006-10-27,664.96
2006-10-28,
2006-10-29,
2006-10-30,667.89
2006-10-31,669.37
2006-11-01,
2006-11-02,669.75
2006-11-03,671.63
2006-11-04,
2006-11-05,
2006-11-06,668.07
2006-11-07,667.36
2006-11-08,670.18
2006-11-09,671.24
2006-11-10,673.83
2006-11-11,
2006-11-12,
2006-11-13,675.55
2006-11-14,674.74
2006-11-15,675.84
2006-11-16,676.63
2006-11-17,675.16
2006-11-18,
2006-11-19,
2006-11-20,678.89
2006-11-21,677.64
2006-11-22,679.05
2006-11-23,684.58
2006-11-24,685.01
2006-11-25,
2006-11-26,
2006-11-27,694.07
2006-11-28,695.01
2006-11-29,699.46
2006-11-30,695.7
2006-12-01,699.48
2006-12-02,
2006-12-03,
2006-12-04,700.47
2006-12-05,700.51
2006-12-06,699.43
2006-12-07,698.87
2006-12-08,
2006-12-09,
2006-12-10,
2006-12-11,697.66
2006-12-12,695.69
2006-12-13,696.77
2006-12-14,696.3
2006-12-15,693.11
2006-12-16,
2006-12-17,
2006-12-18,685.82
2006-12-19,687.61
2006-12-20,695.37
2006-12-21,694.12
2006-12-22,696.25
2006-12-23,
2006-12-24,
2006-12-25,
2006-12-26,695.88
2006-12-27,697.42
2006-12-28,700.89
2006-12-29,703.38
2006-12-30,
2006-12-31,
2007-01-01,
2007-01-02,702.08
2007-01-03,709.63
2007-01-04,708.18
2007-01-05,707.99
2007-01-06,
2007-01-07,
2007-01-08,702.38
2007-01-09,707.41
2007-01-10,705.53
2007-01-11,702.92
2007-01-12,694.0
2007-01-13,
2007-01-14,
2007-01-15,697.16
2007-01-16,698.98
2007-01-17,700.84
2007-01-18,702.5
2007-01-19,700.21
2007-01-20,
2007-01-21,
2007-01-22,702.3
2007-01-23,699.34
2007-01-24,703.85
2007-01-25,698.43
2007-01-26,698.48
2007-01-27,
2007-01-28,
2007-01-29,700.23
2007-01-30,704.43
2007-01-31,706.37
2007-02-01,708.42
2007-02-02,707.31
2007-02-03,
2007-02-04,
2007-02-05,707.66
2007-02-06,707.27
2007-02-07,710.7
2007-02-08,714.14
2007-02-09,714.29
2007-02-10,
2007-02-11,
2007-02-12,709.9
2007-02-13,708.27
2007-02-14,708.44
2007-02-15,709.45
2007-02-16,708.09
2007-02-17,
2007-02-18,
2007-02-19,709.18
2007-02-20,709.6
2007-02-21,708.36
2007-02-22,708.91
2007-02-23,704.24
2007-02-24,
2007-02-25,
2007-02-26,706.03
2007-02-27,704.79
2007-02-28,713.04
2007-03-01,714.19
2007-03-02,713.24
2007-03-03,
2007-03-04,
2007-03-05,713.14
2007-03-06,709.45
2007-03-07,705.19
2007-03-08,706.77
2007-03-09,704.75
2007-03-10,
2007-03-11,
2007-03-12,706.19
2007-03-13,711.25
2007-03-14,711.59
2007-03-15,714.01
2007-03-16,711.94
2007-03-17,
2007-03-18,
2007-03-19,714.72
2007-03-20,712.98
2007-03-21,713.45
2007-03-22,716.85
2007-03-23,713.91
2007-03-24,
2007-03-25,
2007-03-26,714.12
2007-03-27,717.99
2007-03-28,720.19
2007-03-29,719.87
2007-03-30,719.26
2007-03-31,
2007-04-01,
2007-04-02,720.0
2007-04-03,721.32
2007-04-04,716.86
2007-04-05,718.24
2007-04-06,
2007-04-07,
2007-04-08,
2007-04-09,720.74
2007-04-10,715.17
2007-04-11,718.22
2007-04-12,715.39
2007-04-13,718.07
2007-04-14,
2007-04-15,
2007-04-16,719.82
2007-04-17,718.56
2007-04-18,718.25
2007-04-19,719.17
2007-04-20,721.48
2007-04-21,
2007-04-22,
2007-04-23,718.74
2007-04-24,716.92
2007-04-25,720.84
2007-04-26,719.71
2007-04-27,717.48
2007-04-28,
2007-04-29,
2007-04-30,719.07
2007-05-01,
2007-05-02,718.03
2007-05-03,713.82
2007-05-04,709.5
2007-05-05,
2007-05-06,
2007-05-07,707.88
2007-05-08,704.24
2007-05-09,703.32
2007-05-10,702.1
2007-05-11,699.11
2007-05-12,
2007-05-13,
2007-05-14,701.11
2007-05-15,702.37
2007-05-16,704.14
2007-05-17,699.7
2007-05-18,703.47
2007-05-19,
2007-05-20,
2007-05-21,
2007-05-22,705.13
2007-05-23,702.19
2007-05-24,706.78
2007-05-25,705.8
2007-05-26,
2007-05-27,
2007-05-28,703.54
2007-05-29,708.07
2007-05-30,707.54
2007-05-31,708.46
2007-06-01,706.44
2007-06-02,
2007-06-03,
2007-06-04,704.8
2007-06-05,709.16
2007-06-06,709.63
2007-06-07,711.07
2007-06-08,708.51
2007-06-09,
2007-06-10,
2007-06-11,707.18
2007-06-12,704.93
2007-06-13,703.58
2007-06-14,704.35
2007-06-15,704.02
2007-06-16,
2007-06-17,
2007-06-18,704.35
2007-06-19,703.49
2007-06-20,703.58
2007-06-21,702.8
2007-06-22,703.36
2007-06-23,
2007-06-24,
2007-06-25,708.2
2007-06-26,710.47
2007-06-27,710.96
2007-06-28,712.17
2007-06-29,708.38
2007-06-30,
2007-07-01,
2007-07-02,
2007-07-03,713.03
2007-07-04,715.14
2007-07-05,713.03
2007-07-06,712.5
2007-07-07,
2007-07-08,
2007-07-09,711.2
2007-07-10,707.74
2007-07-11,713.91
2007-07-12,713.67
2007-07-13,712.15
2007-07-14,
2007-07-15,
2007-07-16,
2007-07-17,709.58
2007-07-18,710.21
2007-07-19,711.84
2007-07-20,707.98
2007-07-21,
2007-07-22,
2007-07-23,712.81
2007-07-24,710.68
2007-07-25,715.19
2007-07-26,714.06
2007-07-27,719.88
2007-07-28,
2007-07-29,
2007-07-30,715.46
2007-07-31,716.84
2007-08-01,713.15
2007-08-02,715.91
2007-08-03,713.84
2007-08-04,
2007-08-05,
2007-08-06,720.03
2007-08-07,721.36
2007-08-08,717.6
2007-08-09,715.34
2007-08-10,712.03
2007-08-11,
2007-08-12,
2007-08-13,716.04
2007-08-14,707.03
2007-08-15,
2007-08-16,705.78
2007-08-17,708.37
2007-08-18,
2007-08-19,
2007-08-20,707.28
2007-08-21,704.79
2007-08-22,704.82
2007-08-23,707.15
2007-08-24,710.64
2007-08-25,
2007-08-26,
2007-08-27,717.06
2007-08-28,715.46
2007-08-29,716.16
2007-08-30,717.84
2007-08-31,715.14
2007-09-01,
2007-09-02,
2007-09-03,713.26
2007-09-04,713.96
2007-09-05,712.44
2007-09-06,715.54
2007-09-07,713.48
2007-09-08,
2007-09-09,
2007-09-10,717.0
2007-09-11,714.34
2007-09-12,713.96
2007-09-13,716.43
2007-09-14,713.05
2007-09-15,
2007-09-16,
2007-09-17,
2007-09-18,
2007-09-19,
2007-09-20,713.9
2007-09-21,718.48
2007-09-22,
2007-09-23,
2007-09-24,721.33
2007-09-25,722.5
2007-09-26,727.12
2007-09-27,723.71
2007-09-28,723.89
2007-09-29,
2007-09-30,
2007-10-01,729.29
2007-10-02,724.99
2007-10-03,718.62
2007-10-04,713.13
2007-10-05,715.81
2007-10-06,
2007-10-07,
2007-10-08,712.31
2007-10-09,703.33
2007-10-10,702.55
2007-10-11,702.23
2007-10-12,700.54
2007-10-13,
2007-10-14,
2007-10-15,
2007-10-16,703.35
2007-10-17,707.49
2007-10-18,709.91
2007-10-19,719.17
2007-10-20,
2007-10-21,
2007-10-22,715.31
2007-10-23,713.73
2007-10-24,717.4
2007-10-25,719.08
2007-10-26,716.78
2007-10-27,
2007-10-28,
2007-10-29,711.59
2007-10-30,713.76
2007-10-31,713.56
2007-11-01,
2007-11-02,712.73
2007-11-03,
2007-11-04,
2007-11-05,720.07
2007-11-06,725.37
2007-11-07,728.9
2007-11-08,738.67
2007-11-09,740.66
2007-11-10,
2007-11-11,
2007-11-12,741.86
2007-11-13,738.13
2007-11-14,740.07
2007-11-15,740.63
2007-11-16,740.75
2007-11-17,
2007-11-18,
2007-11-19,744.28
2007-11-20,744.6
2007-11-21,752.53
2007-11-22,759.88
2007-11-23,761.86
2007-11-24,
2007-11-25,
2007-11-26,762.32
2007-11-27,764.02
2007-11-28,765.72
2007-11-29,756.86
2007-11-30,750.51
2007-12-01,
2007-12-02,
2007-12-03,742.33
2007-12-04,743.2
2007-12-05,747.31
2007-12-06,737.09
2007-12-07,727.44
2007-12-08,
2007-12-09,
2007-12-10,727.82
2007-12-11,732.13
2007-12-12,731.3
2007-12-13,732.52
2007-12-14,729.75
2007-12-15,
2007-12-16,
2007-12-17,719.28
2007-12-18,720.41
2007-12-19,718.74
2007-12-20,717.57
2007-12-21,714.17
2007-12-22,
2007-12-23,
2007-12-24,712.49
2007-12-25,
2007-12-26,713.71
2007-12-27,718.62
2007-12-28,725.73
2007-12-29,
2007-12-30,
2007-12-31,
2008-01-01,
2008-01-02,730.94
2008-01-03,733.72
2008-01-04,733.22
2008-01-05,
2008-01-06,
2008-01-07,732.14
2008-01-08,727.92
2008-01-09,721.32
2008-01-10,714.44
2008-01-11,717.52
2008-01-12,
2008-01-13,
2008-01-14,710.39
2008-01-15,701.58
2008-01-16,699.94
2008-01-17,701.29
2008-01-18,699.37
2008-01-19,
2008-01-20,
2008-01-21,696.58
2008-01-22,696.81
2008-01-23,702.7
2008-01-24,697.36
2008-01-25,694.68
2008-01-26,
2008-01-27,
2008-01-28,686.34
2008-01-29,694.57
2008-01-30,684.76
2008-01-31,688.93
2008-02-01,691.13
2008-02-02,
2008-02-03,
2008-02-04,688.47
2008-02-05,692.04
2008-02-06,691.68
2008-02-07,694.69
2008-02-08,688.2
2008-02-09,
2008-02-10,
2008-02-11,687.81
2008-02-12,680.3
2008-02-13,679.49
2008-02-14,680.2
2008-02-15,679.65
2008-02-16,
2008-02-17,
2008-02-18,682.27
2008-02-19,678.65
2008-02-20,684.19
2008-02-21,688.84
2008-02-22,694.38
2008-02-23,
2008-02-24,
2008-02-25,692.08
2008-02-26,692.66
2008-02-27,696.58
2008-02-28,700.32
2008-02-29,697.35
2008-03-01,
2008-03-02,
2008-03-03,689.27
2008-03-04,690.87
2008-03-05,689.56
2008-03-06,687.08
2008-03-07,683.68
2008-03-08,
2008-03-09,
2008-03-10,681.77
2008-03-11,675.74
2008-03-12,666.82
2008-03-13,670.98
2008-03-14,674.67
2008-03-15,
2008-03-16,
2008-03-17,679.39
2008-03-18,689.4
2008-03-19,680.27
2008-03-20,681.48
2008-03-21,
2008-03-22,
2008-03-23,
2008-03-24,690.8
2008-03-25,696.98
2008-03-26,703.7
2008-03-27,705.71
2008-03-28,696.89
2008-03-29,
2008-03-30,
2008-03-31,692.57
2008-04-01,690.94
2008-04-02,683.92
2008-04-03,685.25
2008-04-04,689.36
2008-04-05,
2008-04-06,
2008-04-07,686.53
2008-04-08,681.5
2008-04-09,687.02
2008-04-10,688.72
2008-04-11,683.52
2008-04-12,
2008-04-13,
2008-04-14,710.37
2008-04-15,710.19
2008-04-16,715.57
2008-04-17,727.58
2008-04-18,725.94
2008-04-19,
2008-04-20,
2008-04-21,720.52
2008-04-22,726.65
2008-04-23,723.51
2008-04-24,708.01
2008-04-25,703.4
2008-04-26,
2008-04-27,
2008-04-28,708.27
2008-04-29,710.56
2008-04-30,714.65
2008-05-01,
2008-05-02,720.74
2008-05-03,
2008-05-04,
2008-05-05,716.45
2008-05-06,722.39
2008-05-07,725.93
2008-05-08,722.85
2008-05-09,725.05
2008-05-10,
2008-05-11,
2008-05-12,729.26
2008-05-13,727.12
2008-05-14,722.25
2008-05-15,724.38
2008-05-16,722.11
2008-05-17,
2008-05-18,
2008-05-19,725.46
2008-05-20,724.22
2008-05-21,
2008-05-22,737.86
2008-05-23,740.94
2008-05-24,
2008-05-25,
2008-05-26,744.75
2008-05-27,748.69
2008-05-28,752.55
2008-05-29,750.12
2008-05-30,743.77
2008-05-31,
2008-06-01,
2008-06-02,746.02
2008-06-03,750.61
2008-06-04,750.15
2008-06-05,755.52
2008-06-06,752.07
2008-06-07,
2008-06-08,
2008-06-09,761.39
2008-06-10,755.66
2008-06-11,749.57
2008-06-12,755.58
2008-06-13,766.94
2008-06-14,
2008-06-15,
2008-06-16,768.78
2008-06-17,773.59
2008-06-18,763.93
2008-06-19,761.66
2008-06-20,757.08
2008-06-21,
2008-06-22,
2008-06-23,770.83
2008-06-24,778.19
2008-06-25,786.65
2008-06-26,796.08
2008-06-27,807.41
2008-06-28,
2008-06-29,
2008-06-30,821.32
2008-07-01,828.16
2008-07-02,835.57
2008-07-03,821.59
2008-07-04,802.32
2008-07-05,
2008-07-06,
2008-07-07,801.49
2008-07-08,797.67
2008-07-09,791.72
2008-07-10,790.83
2008-07-11,794.63
2008-07-12,
2008-07-13,
2008-07-14,802.76
2008-07-15,793.19
2008-07-16,
2008-07-17,782.99
2008-07-18,773.93
2008-07-19,
2008-07-20,
2008-07-21,784.23
2008-07-22,787.12
2008-07-23,773.63
2008-07-24,776.48
2008-07-25,773.62
2008-07-26,
2008-07-27,
2008-07-28,771.74
2008-07-29,777.18
2008-07-30,770.39
2008-07-31,782.66
2008-08-01,790.27
2008-08-02,
2008-08-03,
2008-08-04,786.38
2008-08-05,796.2
2008-08-06,790.66
2008-08-07,790.69
2008-08-08,784.67
2008-08-09,
2008-08-10,
2008-08-11,776.17
2008-08-12,774.34
2008-08-13,775.5
2008-08-14,773.35
2008-08-15,
2008-08-16,
2008-08-17,
2008-08-18,762.4
2008-08-19,763.03
2008-08-20,773.46
2008-08-21,767.56
2008-08-22,774.27
2008-08-23,
2008-08-24,
2008-08-25,768.4
2008-08-26,768.35
2008-08-27,766.3
2008-08-28,765.59
2008-08-29,759.29
2008-08-30,
2008-08-31,
2008-09-01,752.47
2008-09-02,752.13
2008-09-03,750.05
2008-09-04,749.65
2008-09-05,739.44
2008-09-06,
2008-09-07,
2008-09-08,744.85
2008-09-09,739.8
2008-09-10,749.54
2008-09-11,744.8
2008-09-12,743.78
2008-09-13,
2008-09-14,
2008-09-15,750.36
2008-09-16,758.76
2008-09-17,764.81
2008-09-18,
2008-09-19,
2008-09-20,
2008-09-21,
2008-09-22,779.48
2008-09-23,789.52
2008-09-24,785.17
2008-09-25,790.79
2008-09-26,788.5
2008-09-27,
2008-09-28,
2008-09-29,788.91
2008-09-30,798.71
2008-10-01,775.51
2008-10-02,778.75
2008-10-03,790.27
2008-10-04,
2008-10-05,
2008-10-06,785.88
2008-10-07,795.58
2008-10-08,801.16
2008-10-09,830.16
2008-10-10,832.35
2008-10-11,
2008-10-12,
2008-10-13,852.57
2008-10-14,834.08
2008-10-15,825.65
2008-10-16,854.19
2008-10-17,846.3
2008-10-18,
2008-10-19,
2008-10-20,829.33
2008-10-21,815.05
2008-10-22,829.12
2008-10-23,838.79
2008-10-24,837.46
2008-10-25,
2008-10-26,
2008-10-27,841.35
2008-10-28,846.78
2008-10-29,840.92
2008-10-30,854.92
2008-10-31,
2008-11-01,
2008-11-02,
2008-11-03,867.8
2008-11-04,846.24
2008-11-05,835.54
2008-11-06,823.59
2008-11-07,801.44
2008-11-08,
2008-11-09,
2008-11-10,811.28
2008-11-11,803.15
2008-11-12,805.6
2008-11-13,809.33
2008-11-14,801.49
2008-11-15,
2008-11-16,
2008-11-17,814.19
2008-11-18,820.93
2008-11-19,813.51
2008-11-20,822.47
2008-11-21,831.52
2008-11-22,
2008-11-23,
2008-11-24,842.09
2008-11-25,870.8
2008-11-26,876.54
2008-11-27,853.93
2008-11-28,849.56
2008-11-29,
2008-11-30,
2008-12-01,843.58
2008-12-02,847.98
2008-12-03,847.53
2008-12-04,853.89
2008-12-05,861.11
2008-12-06,
2008-12-07,
2008-12-08,
2008-12-09,853.15
2008-12-10,860.25
2008-12-11,867.08
2008-12-12,878.1
2008-12-13,
2008-12-14,
2008-12-15,872.48
2008-12-16,879.94
2008-12-17,881.51
2008-12-18,908.29
2008-12-19,895.34
2008-12-20,
2008-12-21,
2008-12-22,880.23
2008-12-23,881.24
2008-12-24,875.82
2008-12-25,
2008-12-26,874.22
2008-12-27,
2008-12-28,
2008-12-29,883.41
2008-12-30,889.33
2008-12-31,
2009-01-01,
2009-01-02,898.81
2009-01-03,
2009-01-04,
2009-01-05,890.4
2009-01-06,873.87
2009-01-07,852.84
2009-01-08,861.15
2009-01-09,861.86
2009-01-10,
2009-01-11,
2009-01-12,830.13
2009-01-13,817.16
2009-01-14,810.61
2009-01-15,810.65
2009-01-16,818.24
2009-01-17,
2009-01-18,
2009-01-19,815.1
2009-01-20,816.82
2009-01-21,807.14
2009-01-22,802.11
2009-01-23,806.19
2009-01-24,
2009-01-25,
2009-01-26,805.67
2009-01-27,810.48
2009-01-28,812.18
2009-01-29,809.81
2009-01-30,794.74
2009-01-31,
2009-02-01,
2009-02-02,790.65
2009-02-03,799.31
2009-02-04,807.18
2009-02-05,793.83
2009-02-06,796.56
2009-02-07,
2009-02-08,
2009-02-09,797.07
2009-02-10,794.65
2009-02-11,780.64
2009-02-12,773.73
2009-02-13,760.38
2009-02-14,
2009-02-15,
2009-02-16,753.25
2009-02-17,745.82
2009-02-18,745.59
2009-02-19,744.56
2009-02-20,767.1
2009-02-21,
2009-02-22,
2009-02-23,795.48
2009-02-24,792.11
2009-02-25,767.14
2009-02-26,764.92
2009-02-27,760.38
2009-02-28,
2009-03-01,
2009-03-02,761.27
2009-03-03,758.93
2009-03-04,765.82
2009-03-05,775.54
2009-03-06,767.81
2009-03-07,
2009-03-08,
2009-03-09,766.14
2009-03-10,770.33
2009-03-11,764.12
2009-03-12,768.65
2009-03-13,766.39
2009-03-14,
2009-03-15,
2009-03-16,766.16
2009-03-17,760.28
2009-03-18,758.6
2009-03-19,795.32
2009-03-20,798.14
2009-03-21,
2009-03-22,
2009-03-23,795.37
2009-03-24,790.43
2009-03-25,777.61
2009-03-26,780.74
2009-03-27,778.0
2009-03-28,
2009-03-29,
2009-03-30,760.95
2009-03-31,768.04
2009-04-01,775.41
2009-04-02,770.35
2009-04-03,773.32
2009-04-04,
2009-04-05,
2009-04-06,782.14
2009-04-07,779.91
2009-04-08,773.37
2009-04-09,768.61
2009-04-10,
2009-04-11,
2009-04-12,
2009-04-13,759.52
2009-04-14,772.77
2009-04-15,767.54
2009-04-16,764.5
2009-04-17,760.37
2009-04-18,
2009-04-19,
2009-04-20,753.66
2009-04-21,754.86
2009-04-22,754.37
2009-04-23,759.79
2009-04-24,765.9
2009-04-25,
2009-04-26,
2009-04-27,778.2
2009-04-28,781.7
2009-04-29,789.7
2009-04-30,780.15
2009-05-01,
2009-05-02,
2009-05-03,
2009-05-04,767.53
2009-05-05,767.29
2009-05-06,757.36
2009-05-07,760.68
2009-05-08,755.0
2009-05-09,
2009-05-10,
2009-05-11,765.56
2009-05-12,772.77
2009-05-13,775.13
2009-05-14,774.97
2009-05-15,770.24
2009-05-16,
2009-05-17,
2009-05-18,755.68
2009-05-19,756.27
2009-05-20,764.43
2009-05-21,
2009-05-22,770.54
2009-05-23,
2009-05-24,
2009-05-25,786.7
2009-05-26,787.88
2009-05-27,789.05
2009-05-28,785.77
2009-05-29,787.39
2009-05-30,
2009-05-31,
2009-06-01,792.34
2009-06-02,794.08
2009-06-03,805.67
2009-06-04,799.19
2009-06-05,802.21
2009-06-06,
2009-06-07,
2009-06-08,789.96
2009-06-09,790.97
2009-06-10,796.97
2009-06-11,789.75
2009-06-12,796.95
2009-06-13,
2009-06-14,
2009-06-15,786.91
2009-06-16,778.53
2009-06-17,766.02
2009-06-18,767.61
2009-06-19,749.94
2009-06-20,
2009-06-21,
2009-06-22,748.99
2009-06-23,741.22
2009-06-24,751.62
2009-06-25,741.6
2009-06-26,744.37
2009-06-27,
2009-06-28,
2009-06-29,
2009-06-30,744.33
2009-07-01,746.33
2009-07-02,757.03
2009-07-03,761.44
2009-07-04,
2009-07-05,
2009-07-06,756.63
2009-07-07,754.47
2009-07-08,752.36
2009-07-09,756.41
2009-07-10,768.2
2009-07-11,
2009-07-12,
2009-07-13,769.56
2009-07-14,767.17
2009-07-15,764.14
2009-07-16,
2009-07-17,764.01
2009-07-18,
2009-07-19,
2009-07-20,750.8
2009-07-21,755.59
2009-07-22,755.88
2009-07-23,758.72
2009-07-24,758.8
2009-07-25,
2009-07-26,
2009-07-27,764.73
2009-07-28,769.78
2009-07-29,771.56
2009-07-30,762.74
2009-07-31,762.7
2009-08-01,
2009-08-02,
2009-08-03,772.07
2009-08-04,775.64
2009-08-05,776.34
2009-08-06,779.86
2009-08-07,777.2
2009-08-08,
2009-08-09,
2009-08-10,769.53
2009-08-11,772.04
2009-08-12,778.08
2009-08-13,777.2
2009-08-14,779.09
2009-08-15,
2009-08-16,
2009-08-17,782.83
2009-08-18,786.8
2009-08-19,786.53
2009-08-20,786.69
2009-08-21,781.83
2009-08-22,
2009-08-23,
2009-08-24,779.43
2009-08-25,781.2
2009-08-26,781.61
2009-08-27,781.33
2009-08-28,787.47
2009-08-29,
2009-08-30,
2009-08-31,787.19
2009-09-01,792.2
2009-09-02,789.32
2009-09-03,796.54
2009-09-04,792.06
2009-09-05,
2009-09-06,
2009-09-07,789.96
2009-09-08,790.02
2009-09-09,800.51
2009-09-10,802.27
2009-09-11,807.62
2009-09-12,
2009-09-13,
2009-09-14,803.05
2009-09-15,806.02
2009-09-16,808.93
2009-09-17,803.36
2009-09-18,
2009-09-19,
2009-09-20,
2009-09-21,804.42
2009-09-22,799.68
2009-09-23,799.76
2009-09-24,797.33
2009-09-25,793.08
2009-09-26,
2009-09-27,
2009-09-28,799.21
2009-09-29,796.5
2009-09-30,796.02
2009-10-01,805.09
2009-10-02,803.63
2009-10-03,
2009-10-04,
2009-10-05,812.67
2009-10-06,815.17
2009-10-07,815.69
2009-10-08,812.64
2009-10-09,813.94
2009-10-10,
2009-10-11,
2009-10-12,
2009-10-13,815.47
2009-10-14,821.96
2009-10-15,824.11
2009-10-16,819.47
2009-10-17,
2009-10-18,
2009-10-19,815.75
2009-10-20,816.27
2009-10-21,810.02
2009-10-22,815.88
2009-10-23,806.54
2009-10-24,
2009-10-25,
2009-10-26,798.48
2009-10-27,791.58
2009-10-28,788.47
2009-10-29,781.33
2009-10-30,789.05
2009-10-31,
2009-11-01,
2009-11-02,783.6
2009-11-03,781.0
2009-11-04,780.68
2009-11-05,783.15
2009-11-06,778.82
2009-11-07,
2009-11-08,
2009-11-09,774.25
2009-11-10,772.89
2009-11-11,762.31
2009-11-12,757.5
2009-11-13,755.22
2009-11-14,
2009-11-15,
2009-11-16,752.15
2009-11-17,744.32
2009-11-18,733.51
2009-11-19,734.18
2009-11-20,742.7
2009-11-21,
2009-11-22,
2009-11-23,747.82
2009-11-24,740.06
2009-11-25,738.19
2009-11-26,742.8
2009-11-27,740.41
2009-11-28,
2009-11-29,
2009-11-30,741.72
2009-12-01,742.53
2009-12-02,748.91
2009-12-03,751.18
2009-12-04,758.47
2009-12-05,
2009-12-06,
2009-12-07,745.49
2009-12-08,
2009-12-09,748.38
2009-12-10,739.64
2009-12-11,729.36
2009-12-12,
2009-12-13,
2009-12-14,724.54
2009-12-15,728.37
2009-12-16,723.69
2009-12-17,724.99
2009-12-18,717.44
2009-12-19,
2009-12-20,
2009-12-21,718.91
2009-12-22,720.62
2009-12-23,723.11
2009-12-24,730.12
2009-12-25,
2009-12-26,
2009-12-27,
2009-12-28,727.38
2009-12-29,728.66
2009-12-30,727.21
2009-12-31,
2010-01-01,
2010-01-02,
2010-01-03,
2010-01-04,726.82
2010-01-05,729.3
2010-01-06,724.66
2010-01-07,716.34
2010-01-08,707.8
2010-01-09,
2010-01-10,
2010-01-11,710.08
2010-01-12,710.61
2010-01-13,711.72
2010-01-14,710.16
2010-01-15,715.22
2010-01-16,
2010-01-17,
2010-01-18,708.6
2010-01-19,706.62
2010-01-20,703.16
2010-01-21,698.55
2010-01-22,703.85
2010-01-23,
2010-01-24,
2010-01-25,717.02
2010-01-26,717.25
2010-01-27,721.5
2010-01-28,730.38
2010-01-29,743.5
2010-01-30,
2010-01-31,
2010-02-01,726.12
2010-02-02,735.74
2010-02-03,738.55
2010-02-04,744.9
2010-02-05,751.8
2010-02-06,
2010-02-07,
2010-02-08,739.55
2010-02-09,740.41
2010-02-10,745.91
2010-02-11,736.36
2010-02-12,729.69
2010-02-13,
2010-02-14,
2010-02-15,720.54
2010-02-16,714.55
2010-02-17,725.99
2010-02-18,718.79
2010-02-19,723.65
2010-02-20,
2010-02-21,
2010-02-22,724.08
2010-02-23,718.91
2010-02-24,714.8
2010-02-25,718.87
2010-02-26,716.28
2010-02-27,
2010-02-28,
2010-03-01,718.93
2010-03-02,710.92
2010-03-03,709.51
2010-03-04,707.46
2010-03-05,698.93
2010-03-06,
2010-03-07,
2010-03-08,695.84
2010-03-09,693.28
2010-03-10,697.58
2010-03-11,702.82
2010-03-12,711.88
2010-03-13,
2010-03-14,
2010-03-15,710.42
2010-03-16,705.73
2010-03-17,717.84
2010-03-18,725.14
2010-03-19,716.75
2010-03-20,
2010-03-21,
2010-03-22,714.47
2010-03-23,722.16
2010-03-24,720.76
2010-03-25,711.01
2010-03-26,707.6
2010-03-27,
2010-03-28,
2010-03-29,713.79
2010-03-30,716.49
2010-03-31,705.77
2010-04-01,709.3
2010-04-02,
2010-04-03,
2010-04-04,
2010-04-05,708.31
2010-04-06,700.24
2010-04-07,696.85
2010-04-08,690.96
2010-04-09,690.35
2010-04-10,
2010-04-11,
2010-04-12,694.7
2010-04-13,699.48
2010-04-14,700.68
2010-04-15,705.09
2010-04-16,706.93
2010-04-17,
2010-04-18,
2010-04-19,706.13
2010-04-20,707.82
2010-04-21,708.94
2010-04-22,702.05
2010-04-23,693.93
2010-04-24,
2010-04-25,
2010-04-26,697.04
2010-04-27,693.53
2010-04-28,690.15
2010-04-29,693.25
2010-04-30,689.6
2010-05-01,
2010-05-02,
2010-05-03,688.45
2010-05-04,684.41
2010-05-05,680.02
2010-05-06,676.24
2010-05-07,664.14
2010-05-08,
2010-05-09,
2010-05-10,677.41
2010-05-11,674.51
2010-05-12,672.71
2010-05-13,668.29
2010-05-14,667.88
2010-05-15,
2010-05-16,
2010-05-17,661.46
2010-05-18,666.75
2010-05-19,661.97
2010-05-20,680.0
2010-05-21,
2010-05-22,
2010-05-23,
2010-05-24,688.15
2010-05-25,669.14
2010-05-26,671.26
2010-05-27,657.02
2010-05-28,657.13
2010-05-29,
2010-05-30,
2010-05-31,650.08
2010-06-01,653.07
2010-06-02,653.07
2010-06-03,654.73
2010-06-04,651.31
2010-06-05,
2010-06-06,
2010-06-07,647.26
2010-06-08,650.43
2010-06-09,654.6
2010-06-10,650.34
2010-06-11,651.34
2010-06-12,
2010-06-13,
2010-06-14,649.32
2010-06-15,655.09
2010-06-16,661.34
2010-06-17,652.18
2010-06-18,655.98
2010-06-19,
2010-06-20,
2010-06-21,658.92
2010-06-22,652.86
2010-06-23,653.88
2010-06-24,659.48
2010-06-25,665.45
2010-06-26,
2010-06-27,
2010-06-28,
2010-06-29,665.68
2010-06-30,662.22
2010-07-01,669.51
2010-07-02,681.04
2010-07-03,
2010-07-04,
2010-07-05,675.82
2010-07-06,674.07
2010-07-07,676.1
2010-07-08,678.36
2010-07-09,679.91
2010-07-10,
2010-07-11,
2010-07-12,680.37
2010-07-13,678.7
2010-07-14,680.74
2010-07-15,681.5
2010-07-16,
2010-07-17,
2010-07-18,
2010-07-19,686.0
2010-07-20,689.15
2010-07-21,683.34
2010-07-22,669.5
2010-07-23,668.33
2010-07-24,
2010-07-25,
2010-07-26,671.78
2010-07-27,675.88
2010-07-28,674.62
2010-07-29,678.42
2010-07-30,683.9
2010-07-31,
2010-08-01,
2010-08-02,682.44
2010-08-03,681.46
2010-08-04,684.84
2010-08-05,679.96
2010-08-06,679.75
2010-08-07,
2010-08-08,
2010-08-09,683.56
2010-08-10,677.42
2010-08-11,677.0
2010-08-12,661.43
2010-08-13,654.02
2010-08-14,
2010-08-15,
2010-08-16,650.39
2010-08-17,648.66
2010-08-18,647.74
2010-08-19,642.81
2010-08-20,647.28
2010-08-21,
2010-08-22,
2010-08-23,645.24
2010-08-24,638.13
2010-08-25,642.06
2010-08-26,641.85
2010-08-27,640.63
2010-08-28,
2010-08-29,
2010-08-30,637.72
2010-08-31,632.13
2010-09-01,637.8
2010-09-02,637.35
2010-09-03,636.44
2010-09-04,
2010-09-05,
2010-09-06,638.66
2010-09-07,639.64
2010-09-08,631.76
2010-09-09,632.6
2010-09-10,629.25
2010-09-11,
2010-09-12,
2010-09-13,630.82
2010-09-14,636.76
2010-09-15,642.87
2010-09-16,643.98
2010-09-17,
2010-09-18,
2010-09-19,
2010-09-20,
2010-09-21,649.36
2010-09-22,658.87
2010-09-23,661.14
2010-09-24,652.46
2010-09-25,
2010-09-26,
2010-09-27,655.2
2010-09-28,654.23
2010-09-29,658.33
2010-09-30,661.26
2010-10-01,659.46
2010-10-02,
2010-10-03,
2010-10-04,662.52
2010-10-05,663.96
2010-10-06,670.04
2010-10-07,671.46
2010-10-08,670.94
2010-10-09,
2010-10-10,
2010-10-11,
2010-10-12,672.7
2010-10-13,666.98
2010-10-14,664.61
2010-10-15,672.24
2010-10-16,
2010-10-17,
2010-10-18,667.61
2010-10-19,673.61
2010-10-20,666.91
2010-10-21,678.59
2010-10-22,676.58
2010-10-23,
2010-10-24,
2010-10-25,678.43
2010-10-26,678.56
2010-10-27,679.22
2010-10-28,680.02
2010-10-29,685.0
2010-10-30,
2010-10-31,
2010-11-01,
2010-11-02,679.82
2010-11-03,683.49
2010-11-04,684.39
2010-11-05,683.68
2010-11-06,
2010-11-07,
2010-11-08,672.46
2010-11-09,669.67
2010-11-10,660.09
2010-11-11,661.57
2010-11-12,654.97
2010-11-13,
2010-11-14,
2010-11-15,657.69
2010-11-16,657.86
2010-11-17,652.01
2010-11-18,656.58
2010-11-19,655.75
2010-11-20,
2010-11-21,
2010-11-22,656.19
2010-11-23,650.9
2010-11-24,644.94
2010-11-25,643.58
2010-11-26,643.95
2010-11-27,
2010-11-28,
2010-11-29,638.77
2010-11-30,637.3
2010-12-01,635.74
2010-12-02,636.34
2010-12-03,639.75
2010-12-04,
2010-12-05,
2010-12-06,644.69
2010-12-07,637.82
2010-12-08,
2010-12-09,633.2
2010-12-10,629.33
2010-12-11,
2010-12-12,
2010-12-13,627.92
2010-12-14,636.04
2010-12-15,635.69
2010-12-16,628.81
2010-12-17,626.3
2010-12-18,
2010-12-19,
2010-12-20,621.5
2010-12-21,617.97
2010-12-22,613.23
2010-12-23,614.63
2010-12-24,615.65
2010-12-25,
2010-12-26,
2010-12-27,615.6
2010-12-28,619.2
2010-12-29,615.6
2010-12-30,619.87
2010-12-31,
2011-01-01,
2011-01-02,
2011-01-03,621.53
2011-01-04,623.73
2011-01-05,648.4
2011-01-06,650.14
2011-01-07,643.52
2011-01-08,
2011-01-09,
2011-01-10,642.48
2011-01-11,646.08
2011-01-12,643.03
2011-01-13,647.42
2011-01-14,653.33
2011-01-15,
2011-01-16,
2011-01-17,656.83
2011-01-18,652.11
2011-01-19,655.89
2011-01-20,662.02
2011-01-21,664.47
2011-01-22,
2011-01-23,
2011-01-24,669.6
2011-01-25,672.95
2011-01-26,671.73
2011-01-27,669.73
2011-01-28,664.8
2011-01-29,
2011-01-30,
2011-01-31,656.86
2011-02-01,662.75
2011-02-02,664.72
2011-02-03,662.48
2011-02-04,656.52
2011-02-05,
2011-02-06,
2011-02-07,649.86
2011-02-08,649.35
2011-02-09,654.56
2011-02-10,654.68
2011-02-11,648.23
2011-02-12,
2011-02-13,
2011-02-14,640.19
2011-02-15,633.75
2011-02-16,635.59
2011-02-17,643.41
2011-02-18,643.76
2011-02-19,
2011-02-20,
2011-02-21,642.04
2011-02-22,641.33
2011-02-23,643.73
2011-02-24,651.2
2011-02-25,659.85
2011-02-26,
2011-02-27,
2011-02-28,654.06
2011-03-01,654.92
2011-03-02,657.74
2011-03-03,662.75
2011-03-04,660.68
2011-03-05,
2011-03-06,
2011-03-07,661.27
2011-03-08,660.64
2011-03-09,661.33
2011-03-10,661.41
2011-03-11,666.43
2011-03-12,
2011-03-13,
2011-03-14,669.12
2011-03-15,672.32
2011-03-16,676.76
2011-03-17,671.4
2011-03-18,680.36
2011-03-19,
2011-03-20,
2011-03-21,682.73
2011-03-22,683.86
2011-03-23,684.44
2011-03-24,681.67
2011-03-25,680.99
2011-03-26,
2011-03-27,
2011-03-28,674.93
2011-03-29,677.5
2011-03-30,678.82
2011-03-31,680.71
2011-04-01,680.47
2011-04-02,
2011-04-03,
2011-04-04,679.25
2011-04-05,674.36
2011-04-06,676.2
2011-04-07,677.69
2011-04-08,676.36
2011-04-09,
2011-04-10,
2011-04-11,678.88
2011-04-12,679.95
2011-04-13,686.62
2011-04-14,682.43
2011-04-15,684.77
2011-04-16,
2011-04-17,
2011-04-18,681.86
2011-04-19,675.43
2011-04-20,679.12
2011-04-21,681.86
2011-04-22,
2011-04-23,
2011-04-24,
2011-04-25,680.49
2011-04-26,681.88
2011-04-27,680.75
2011-04-28,680.26
2011-04-29,681.54
2011-04-30,
2011-05-01,
2011-05-02,683.44
2011-05-03,686.06
2011-05-04,686.95
2011-05-05,688.24
2011-05-06,681.73
2011-05-07,
2011-05-08,
2011-05-09,671.22
2011-05-10,670.91
2011-05-11,670.56
2011-05-12,664.63
2011-05-13,666.39
2011-05-14,
2011-05-15,
2011-05-16,656.15
2011-05-17,665.96
2011-05-18,674.33
2011-05-19,672.09
2011-05-20,670.84
2011-05-21,
2011-05-22,
2011-05-23,664.59
2011-05-24,664.29
2011-05-25,665.47
2011-05-26,664.1
2011-05-27,664.4
2011-05-28,
2011-05-29,
2011-05-30,668.06
2011-05-31,667.01
2011-06-01,669.35
2011-06-02,669.99
2011-06-03,676.7
2011-06-04,
2011-06-05,
2011-06-06,684.75
2011-06-07,682.27
2011-06-08,685.51
2011-06-09,681.45
2011-06-10,678.47
2011-06-11,
2011-06-12,
2011-06-13,671.91
2011-06-14,673.08
2011-06-15,674.06
2011-06-16,662.96
2011-06-17,667.33
2011-06-18,
2011-06-19,
2011-06-20,673.52
2011-06-21,676.22
2011-06-22,678.65
2011-06-23,677.93
2011-06-24,675.28
2011-06-25,
2011-06-26,
2011-06-27,
2011-06-28,670.97
2011-06-29,678.86
2011-06-30,679.55
2011-07-01,679.66
2011-07-02,
2011-07-03,
2011-07-04,676.61
2011-07-05,676.86
2011-07-06,671.62
2011-07-07,665.47
2011-07-08,663.05
2011-07-09,
2011-07-10,
2011-07-11,659.39
2011-07-12,653.76
2011-07-13,654.35
2011-07-14,655.61
2011-07-15,652.94
2011-07-16,
2011-07-17,
2011-07-18,653.71
2011-07-19,653.71
2011-07-20,652.11
2011-07-21,657.73
2011-07-22,663.58
2011-07-23,
2011-07-24,
2011-07-25,662.59
2011-07-26,664.88
2011-07-27,665.98
2011-07-28,656.88
2011-07-29,652.33
2011-07-30,
2011-07-31,
2011-08-01,657.77
2011-08-02,654.17
2011-08-03,650.09
2011-08-04,658.88
2011-08-05,652.61
2011-08-06,
2011-08-07,
2011-08-08,661.99
2011-08-09,672.89
2011-08-10,677.31
2011-08-11,671.37
2011-08-12,674.78
2011-08-13,
2011-08-14,
2011-08-15,
2011-08-16,669.43
2011-08-17,680.2
2011-08-18,675.71
2011-08-19,674.38
2011-08-20,
2011-08-21,
2011-08-22,674.25
2011-08-23,672.28
2011-08-24,674.19
2011-08-25,673.04
2011-08-26,670.9
2011-08-27,
2011-08-28,
2011-08-29,676.6
2011-08-30,674.01
2011-08-31,672.82
2011-09-01,665.79
2011-09-02,657.56
2011-09-03,
2011-09-04,
2011-09-05,653.15
2011-09-06,651.5
2011-09-07,650.18
2011-09-08,651.78
2011-09-09,643.88
2011-09-10,
2011-09-11,
2011-09-12,637.62
2011-09-13,643.94
2011-09-14,652.85
2011-09-15,656.1
2011-09-16,664.31
2011-09-17,
2011-09-18,
2011-09-19,
2011-09-20,660.98
2011-09-21,668.3
2011-09-22,686.46
2011-09-23,704.25
2011-09-24,
2011-09-25,
2011-09-26,701.0
2011-09-27,688.91
2011-09-28,688.01
2011-09-29,689.88
2011-09-30,698.78
2011-10-01,
2011-10-02,
2011-10-03,700.63
2011-10-04,695.7
2011-10-05,706.75
2011-10-06,709.86
2011-10-07,703.37
2011-10-08,
2011-10-09,
2011-10-10,
2011-10-11,688.13
2011-10-12,700.29
2011-10-13,693.92
2011-10-14,694.25
2011-10-15,
2011-10-16,
2011-10-17,692.88
2011-10-18,690.24
2011-10-19,702.6
2011-10-20,699.56
2011-10-21,708.49
2011-10-22,
2011-10-23,
2011-10-24,710.14
2011-10-25,706.98
2011-10-26,701.03
2011-10-27,696.48
2011-10-28,699.22
2011-10-29,
2011-10-30,
2011-10-31,
2011-11-01,
2011-11-02,694.66
2011-11-03,689.81
2011-11-04,687.6
2011-11-05,
2011-11-06,
2011-11-07,681.02
2011-11-08,686.65
2011-11-09,685.73
2011-11-10,679.07
2011-11-11,682.53
2011-11-12,
2011-11-13,
2011-11-14,687.01
2011-11-15,683.22
2011-11-16,686.79
2011-11-17,692.46
2011-11-18,688.24
2011-11-19,
2011-11-20,
2011-11-21,690.27
2011-11-22,700.32
2011-11-23,700.04
2011-11-24,700.47
2011-11-25,696.81
2011-11-26,
2011-11-27,
2011-11-28,696.96
2011-11-29,694.67
2011-11-30,698.44
2011-12-01,695.3
2011-12-02,692.17
2011-12-03,
2011-12-04,
2011-12-05,686.69
2011-12-06,690.29
2011-12-07,687.05
2011-12-08,
2011-12-09,682.5
2011-12-10,
2011-12-11,
2011-12-12,682.54
2011-12-13,678.16
2011-12-14,674.52
2011-12-15,673.45
2011-12-16,675.6
2011-12-17,
2011-12-18,
2011-12-19,673.12
2011-12-20,676.95
2011-12-21,678.52
2011-12-22,682.81
2011-12-23,678.77
2011-12-24,
2011-12-25,
2011-12-26,679.18
2011-12-27,680.53
2011-12-28,682.15
2011-12-29,675.04
2011-12-30,675.2
2011-12-31,
2012-01-01,
2012-01-02,672.97
2012-01-03,669.94
2012-01-04,671.46
2012-01-05,663.17
2012-01-06,654.48
2012-01-07,
2012-01-08,
2012-01-09,648.19
2012-01-10,652.74
2012-01-11,650.01
2012-01-12,643.86
2012-01-13,643.24
2012-01-14,
2012-01-15,
2012-01-16,635.27
2012-01-17,634.33
2012-01-18,632.55
2012-01-19,638.96
2012-01-20,636.64
2012-01-21,
2012-01-22,
2012-01-23,635.46
2012-01-24,634.83
2012-01-25,641.62
2012-01-26,646.3
2012-01-27,638.16
2012-01-28,
2012-01-29,
2012-01-30,640.3
2012-01-31,641.55
2012-02-01,639.31
2012-02-02,642.85
2012-02-03,635.61
2012-02-04,
2012-02-05,
2012-02-06,629.04
2012-02-07,631.68
2012-02-08,635.57
2012-02-09,633.13
2012-02-10,631.78
2012-02-11,
2012-02-12,
2012-02-13,630.62
2012-02-14,631.79
2012-02-15,633.18
2012-02-16,630.88
2012-02-17,637.73
2012-02-18,
2012-02-19,
2012-02-20,636.43
2012-02-21,638.82
2012-02-22,638.17
2012-02-23,640.66
2012-02-24,641.44
2012-02-25,
2012-02-26,
2012-02-27,645.57
2012-02-28,644.7
2012-02-29,642.28
2012-03-01,635.11
2012-03-02,639.63
2012-03-03,
2012-03-04,
2012-03-05,639.48
2012-03-06,641.53
2012-03-07,642.54
2012-03-08,645.78
2012-03-09,643.19
2012-03-10,
2012-03-11,
2012-03-12,633.88
2012-03-13,637.49
2012-03-14,634.27
2012-03-15,632.43
2012-03-16,634.62
2012-03-17,
2012-03-18,
2012-03-19,633.51
2012-03-20,639.26
2012-03-21,642.43
2012-03-22,640.41
2012-03-23,642.75
2012-03-24,
2012-03-25,
2012-03-26,649.26
2012-03-27,648.5
2012-03-28,648.65
2012-03-29,650.23
2012-03-30,650.76
2012-03-31,
2012-04-01,
2012-04-02,649.83
2012-04-03,647.33
2012-04-04,637.88
2012-04-05,635.55
2012-04-06,
2012-04-07,
2012-04-08,
2012-04-09,633.42
2012-04-10,637.84
2012-04-11,637.49
2012-04-12,638.34
2012-04-13,638.5
2012-04-14,
2012-04-15,
2012-04-16,633.77
2012-04-17,639.55
2012-04-18,638.24
2012-04-19,639.19
2012-04-20,641.6
2012-04-21,
2012-04-22,
2012-04-23,642.35
2012-04-24,643.5
2012-04-25,642.51
2012-04-26,642.44
2012-04-27,641.8
2012-04-28,
2012-04-29,
2012-04-30,640.87
2012-05-01,
2012-05-02,641.79
2012-05-03,637.6
2012-05-04,633.95
2012-05-05,
2012-05-06,
2012-05-07,631.3
2012-05-08,630.88
2012-05-09,632.38
2012-05-10,634.11
2012-05-11,629.54
2012-05-12,
2012-05-13,
2012-05-14,630.23
2012-05-15,631.0
2012-05-16,632.54
2012-05-17,637.19
2012-05-18,639.7
2012-05-19,
2012-05-20,
2012-05-21,
2012-05-22,643.7
2012-05-23,641.45
2012-05-24,641.88
2012-05-25,636.86
2012-05-26,
2012-05-27,
2012-05-28,638.68
2012-05-29,639.74
2012-05-30,638.86
2012-05-31,640.98
2012-06-01,643.1
2012-06-02,
2012-06-03,
2012-06-04,645.31
2012-06-05,643.99
2012-06-06,637.72
2012-06-07,638.38
2012-06-08,631.68
2012-06-09,
2012-06-10,
2012-06-11,630.34
2012-06-12,627.08
2012-06-13,629.88
2012-06-14,631.38
2012-06-15,631.89
2012-06-16,
2012-06-17,
2012-06-18,631.12
2012-06-19,629.53
2012-06-20,628.78
2012-06-21,628.84
2012-06-22,626.68
2012-06-23,
2012-06-24,
2012-06-25,633.19
2012-06-26,635.05
2012-06-27,635.89
2012-06-28,629.96
2012-06-29,633.44
2012-06-30,
2012-07-01,
2012-07-02,
2012-07-03,635.08
2012-07-04,625.81
2012-07-05,621.86
2012-07-06,614.28
2012-07-07,
2012-07-08,
2012-07-09,612.89
2012-07-10,612.08
2012-07-11,604.36
2012-07-12,602.35
2012-07-13,602.5
2012-07-14,
2012-07-15,
2012-07-16,
2012-07-17,600.15
2012-07-18,600.15
2012-07-19,599.51
2012-07-20,595.88
2012-07-21,
2012-07-22,
2012-07-23,593.32
2012-07-24,598.2
2012-07-25,594.86
2012-07-26,598.34
2012-07-27,596.83
2012-07-28,
2012-07-29,
2012-07-30,595.25
2012-07-31,591.63
2012-08-01,593.38
2012-08-02,591.4
2012-08-03,589.97
2012-08-04,
2012-08-05,
2012-08-06,594.63
2012-08-07,594.04
2012-08-08,591.86
2012-08-09,589.7
2012-08-10,583.62
2012-08-11,
2012-08-12,
2012-08-13,587.52
2012-08-14,594.43
2012-08-15,
2012-08-16,593.85
2012-08-17,597.86
2012-08-18,
2012-08-19,
2012-08-20,596.42
2012-08-21,599.41
2012-08-22,601.21
2012-08-23,603.54
2012-08-24,602.63
2012-08-25,
2012-08-26,
2012-08-27,602.42
2012-08-28,601.4
2012-08-29,603.91
2012-08-30,602.02
2012-08-31,602.06
2012-09-01,
2012-09-02,
2012-09-03,604.09
2012-09-04,605.93
2012-09-05,604.64
2012-09-06,606.03
2012-09-07,603.65
2012-09-08,
2012-09-09,
2012-09-10,607.47
2012-09-11,607.18
2012-09-12,610.68
2012-09-13,610.86
2012-09-14,614.58
2012-09-15,
2012-09-16,
2012-09-17,
2012-09-18,
2012-09-19,
2012-09-20,615.69
2012-09-21,611.01
2012-09-22,
2012-09-23,
2012-09-24,613.08
2012-09-25,614.61
2012-09-26,609.09
2012-09-27,606.45
2012-09-28,607.78
2012-09-29,
2012-09-30,
2012-10-01,609.35
2012-10-02,609.72
2012-10-03,610.97
2012-10-04,610.77
2012-10-05,615.41
2012-10-06,
2012-10-07,
2012-10-08,615.63
2012-10-09,615.4
2012-10-10,610.13
2012-10-11,612.45
2012-10-12,611.48
2012-10-13,
2012-10-14,
2012-10-15,
2012-10-16,612.63
2012-10-17,615.11
2012-10-18,619.67
2012-10-19,617.56
2012-10-20,
2012-10-21,
2012-10-22,617.51
2012-10-23,620.74
2012-10-24,624.38
2012-10-25,624.55
2012-10-26,620.06
2012-10-27,
2012-10-28,
2012-10-29,621.1
2012-10-30,621.91
2012-10-31,622.2
2012-11-01,
2012-11-02,
2012-11-03,
2012-11-04,
2012-11-05,623.09
2012-11-06,616.5
2012-11-07,614.94
2012-11-08,612.09
2012-11-09,609.08
2012-11-10,
2012-11-11,
2012-11-12,610.03
2012-11-13,610.2
2012-11-14,614.44
2012-11-15,617.36
2012-11-16,618.3
2012-11-17,
2012-11-18,
2012-11-19,616.86
2012-11-20,615.74
2012-11-21,612.98
2012-11-22,612.81
2012-11-23,612.71
2012-11-24,
2012-11-25,
2012-11-26,620.09
2012-11-27,623.33
2012-11-28,622.07
2012-11-29,623.22
2012-11-30,621.98
2012-12-01,
2012-12-02,
2012-12-03,624.45
2012-12-04,628.71
2012-12-05,629.89
2012-12-06,628.18
2012-12-07,619.29
2012-12-08,
2012-12-09,
2012-12-10,617.05
2012-12-11,616.0
2012-12-12,617.56
2012-12-13,621.22
2012-12-14,621.01
2012-12-15,
2012-12-16,
2012-12-17,624.49
2012-12-18,624.42
2012-12-19,627.97
2012-12-20,628.29
2012-12-21,629.08
2012-12-22,
2012-12-23,
2012-12-24,627.34
2012-12-25,
2012-12-26,632.11
2012-12-27,633.3
2012-12-28,632.9
2012-12-29,
2012-12-30,
2012-12-31,
2013-01-01,
2013-01-02,634.45
2013-01-03,626.07
2013-01-04,620.41
2013-01-05,
2013-01-06,
2013-01-07,617.5
2013-01-08,617.92
2013-01-09,616.32
2013-01-10,614.84
2013-01-11,623.65
2013-01-12,
2013-01-13,
2013-01-14,629.9
2013-01-15,631.59
2013-01-16,633.37
2013-01-17,631.85
2013-01-18,632.01
2013-01-19,
2013-01-20,
2013-01-21,628.5
2013-01-22,628.61
2013-01-23,627.76
2013-01-24,626.97
2013-01-25,629.08
2013-01-26,
2013-01-27,
2013-01-28,633.99
2013-01-29,635.42
2013-01-30,637.36
2013-01-31,639.53
2013-02-01,639.93
2013-02-02,
2013-02-03,
2013-02-04,644.49
2013-02-05,638.81
2013-02-06,642.01
2013-02-07,639.41
2013-02-08,633.03
2013-02-09,
2013-02-10,
2013-02-11,631.41
2013-02-12,634.0
2013-02-13,635.36
2013-02-14,633.05
2013-02-15,628.11
2013-02-16,
2013-02-17,
2013-02-18,629.0
2013-02-19,629.94
2013-02-20,631.97
2013-02-21,631.11
2013-02-22,624.31
2013-02-23,
2013-02-24,
2013-02-25,623.75
2013-02-26,622.64
2013-02-27,618.31
2013-02-28,619.83
2013-03-01,618.81
2013-03-02,
2013-03-03,
2013-03-04,617.67
2013-03-05,617.77
2013-03-06,616.54
2013-03-07,613.98
2013-03-08,618.28
2013-03-09,
2013-03-10,
2013-03-11,612.94
2013-03-12,614.9
2013-03-13,614.21
2013-03-14,611.1
2013-03-15,612.93
2013-03-16,
2013-03-17,
2013-03-18,615.62
2013-03-19,612.53
2013-03-20,608.37
2013-03-21,612.82
2013-03-22,611.07
2013-03-23,
2013-03-24,
2013-03-25,613.83
2013-03-26,608.16
2013-03-27,607.55
2013-03-28,603.81
2013-03-29,
2013-03-30,
2013-03-31,
2013-04-01,605.4
2013-04-02,607.34
2013-04-03,605.83
2013-04-04,606.63
2013-04-05,609.41
2013-04-06,
2013-04-07,
2013-04-08,610.72
2013-04-09,607.93
2013-04-10,610.76
2013-04-11,611.99
2013-04-12,614.82
2013-04-13,
2013-04-14,
2013-04-15,614.03
2013-04-16,615.7
2013-04-17,622.87
2013-04-18,617.57
2013-04-19,621.32
2013-04-20,
2013-04-21,
2013-04-22,622.86
2013-04-23,623.84
2013-04-24,620.11
2013-04-25,618.2
2013-04-26,615.45
2013-04-27,
2013-04-28,
2013-04-29,614.81
2013-04-30,617.44
2013-05-01,
2013-05-02,620.47
2013-05-03,617.08
2013-05-04,
2013-05-05,
2013-05-06,615.8
2013-05-07,614.07
2013-05-08,614.71
2013-05-09,619.65
2013-05-10,615.5
2013-05-11,
2013-05-12,
2013-05-13,615.16
2013-05-14,617.21
2013-05-15,617.81
2013-05-16,616.42
2013-05-17,616.92
2013-05-18,
2013-05-19,
2013-05-20,616.9
2013-05-21,
2013-05-22,623.01
2013-05-23,622.36
2013-05-24,632.08
2013-05-25,
2013-05-26,
2013-05-27,632.42
2013-05-28,633.64
2013-05-29,631.03
2013-05-30,634.73
2013-05-31,642.84
2013-06-01,
2013-06-02,
2013-06-03,649.4
2013-06-04,656.11
2013-06-05,653.74
2013-06-06,657.87
2013-06-07,668.99
2013-06-08,
2013-06-09,
2013-06-10,663.04
2013-06-11,669.25
2013-06-12,670.2
2013-06-13,665.04
2013-06-14,663.52
2013-06-15,
2013-06-16,
2013-06-17,657.22
2013-06-18,658.87
2013-06-19,669.06
2013-06-20,664.83
2013-06-21,677.5
2013-06-22,
2013-06-23,
2013-06-24,675.66
2013-06-25,674.11
2013-06-26,665.65
2013-06-27,657.06
2013-06-28,657.01
2013-06-29,
2013-06-30,
2013-07-01,659.93
2013-07-02,659.69
2013-07-03,653.28
2013-07-04,654.54
2013-07-05,647.69
2013-07-06,
2013-07-07,
2013-07-08,650.45
2013-07-09,652.34
2013-07-10,649.17
2013-07-11,655.27
2013-07-12,662.82
2013-07-13,
2013-07-14,
2013-07-15,659.01
2013-07-16,
2013-07-17,655.42
2013-07-18,653.18
2013-07-19,654.68
2013-07-20,
2013-07-21,
2013-07-22,660.14
2013-07-23,663.39
2013-07-24,666.69
2013-07-25,665.36
2013-07-26,669.18
2013-07-27,
2013-07-28,
2013-07-29,672.46
2013-07-30,676.52
2013-07-31,681.97
2013-08-01,685.58
2013-08-02,679.82
2013-08-03,
2013-08-04,
2013-08-05,682.2
2013-08-06,679.48
2013-08-07,683.75
2013-08-08,688.06
2013-08-09,683.69
2013-08-10,
2013-08-11,
2013-08-12,676.43
2013-08-13,674.36
2013-08-14,676.74
2013-08-15,
2013-08-16,674.96
2013-08-17,
2013-08-18,
2013-08-19,680.47
2013-08-20,689.66
2013-08-21,692.85
2013-08-22,688.93
2013-08-23,686.24
2013-08-24,
2013-08-25,
2013-08-26,682.21
2013-08-27,683.44
2013-08-28,689.55
2013-08-29,684.75
2013-08-30,677.41
2013-08-31,
2013-09-01,
2013-09-02,673.28
2013-09-03,672.49
2013-09-04,672.08
2013-09-05,671.99
2013-09-06,668.49
2013-09-07,
2013-09-08,
2013-09-09,667.59
2013-09-10,673.4
2013-09-11,672.24
2013-09-12,670.91
2013-09-13,667.97
2013-09-14,
2013-09-15,
2013-09-16,670.4
2013-09-17,670.28
2013-09-18,
2013-09-19,
2013-09-20,
2013-09-21,
2013-09-22,
2013-09-23,672.32
2013-09-24,670.39
2013-09-25,670.7
2013-09-26,676.6
2013-09-27,674.24
2013-09-28,
2013-09-29,
2013-09-30,680.06
2013-10-01,682.0
2013-10-02,681.68
2013-10-03,682.81
2013-10-04,681.42
2013-10-05,
2013-10-06,
2013-10-07,675.99
2013-10-08,678.31
2013-10-09,677.28
2013-10-10,676.65
2013-10-11,674.1
2013-10-12,
2013-10-13,
2013-10-14,673.22
2013-10-15,676.85
2013-10-16,672.96
2013-10-17,672.2
2013-10-18,674.36
2013-10-19,
2013-10-20,
2013-10-21,678.79
2013-10-22,684.85
2013-10-23,689.48
2013-10-24,693.52
2013-10-25,696.59
2013-10-26,
2013-10-27,
2013-10-28,697.47
2013-10-29,699.08
2013-10-30,698.98
2013-10-31,
2013-11-01,
2013-11-02,
2013-11-03,
2013-11-04,698.65
2013-11-05,692.61
2013-11-06,693.75
2013-11-07,696.23
2013-11-08,690.42
2013-11-09,
2013-11-10,
2013-11-11,692.03
2013-11-12,697.24
2013-11-13,699.38
2013-11-14,702.65
2013-11-15,701.82
2013-11-16,
2013-11-17,
2013-11-18,701.89
2013-11-19,698.91
2013-11-20,703.17
2013-11-21,702.8
2013-11-22,704.11
2013-11-23,
2013-11-24,
2013-11-25,704.54
2013-11-26,703.05
2013-11-27,707.63
2013-11-28,710.93
2013-11-29,718.53
2013-11-30,
2013-12-01,
2013-12-02,720.79
2013-12-03,720.96
2013-12-04,724.54
2013-12-05,725.48
2013-12-06,725.71
2013-12-07,
2013-12-08,
2013-12-09,723.9
2013-12-10,723.32
2013-12-11,730.43
2013-12-12,734.05
2013-12-13,732.57
2013-12-14,
2013-12-15,
2013-12-16,726.94
2013-12-17,726.14
2013-12-18,723.94
2013-12-19,726.83
2013-12-20,724.17
2013-12-21,
2013-12-22,
2013-12-23,726.44
2013-12-24,723.01
2013-12-25,
2013-12-26,722.24
2013-12-27,719.11
2013-12-28,
2013-12-29,
2013-12-30,721.04
2013-12-31,
2014-01-01,
2014-01-02,724.3
2014-01-03,723.73
2014-01-04,
2014-01-05,
2014-01-06,719.16
2014-01-07,724.22
2014-01-08,724.81
2014-01-09,721.94
2014-01-10,725.6
2014-01-11,
2014-01-12,
2014-01-13,725.54
2014-01-14,719.98
2014-01-15,722.17
2014-01-16,719.93
2014-01-17,722.49
2014-01-18,
2014-01-19,
2014-01-20,726.36
2014-01-21,734.66
2014-01-22,736.93
2014-01-23,737.25
2014-01-24,747.5
2014-01-25,
2014-01-26,
2014-01-27,753.22
2014-01-28,749.82
2014-01-29,747.36
2014-01-30,750.03
2014-01-31,741.69
2014-02-01,
2014-02-02,
2014-02-03,747.42
2014-02-04,752.16
2014-02-05,753.24
2014-02-06,756.34
2014-02-07,756.45
2014-02-08,
2014-02-09,
2014-02-10,753.01
2014-02-11,757.64
2014-02-12,757.08
2014-02-13,751.13
2014-02-14,751.01
2014-02-15,
2014-02-16,
2014-02-17,748.82
2014-02-18,749.61
2014-02-19,753.93
2014-02-20,759.88
2014-02-21,760.57
2014-02-22,
2014-02-23,
2014-02-24,762.64
2014-02-25,762.5
2014-02-26,765.39
2014-02-27,764.11
2014-02-28,772.62
2014-03-01,
2014-03-02,
2014-03-03,772.84
2014-03-04,772.7
2014-03-05,766.76
2014-03-06,772.73
2014-03-07,775.85
2014-03-08,
2014-03-09,
2014-03-10,778.96
2014-03-11,790.4
2014-03-12,790.87
2014-03-13,797.38
2014-03-14,793.72
2014-03-15,
2014-03-16,
2014-03-17,796.03
2014-03-18,794.47
2014-03-19,794.48
2014-03-20,792.85
2014-03-21,783.37
2014-03-22,
2014-03-23,
2014-03-24,775.26
2014-03-25,776.89
2014-03-26,773.85
2014-03-27,766.76
2014-03-28,757.98
2014-03-29,
2014-03-30,
2014-03-31,756.95
2014-04-01,759.1
2014-04-02,759.69
2014-04-03,762.01
2014-04-04,762.65
2014-04-05,
2014-04-06,
2014-04-07,760.59
2014-04-08,760.74
2014-04-09,754.41
2014-04-10,756.77
2014-04-11,756.78
2014-04-12,
2014-04-13,
2014-04-14,762.07
2014-04-15,759.08
2014-04-16,765.5
2014-04-17,768.48
2014-04-18,
2014-04-19,
2014-04-20,
2014-04-21,770.63
2014-04-22,768.09
2014-04-23,774.97
2014-04-24,779.0
2014-04-25,773.77
2014-04-26,
2014-04-27,
2014-04-28,775.37
2014-04-29,775.15
2014-04-30,774.04
2014-05-01,
2014-05-02,783.07
2014-05-03,
2014-05-04,
2014-05-05,781.62
2014-05-06,784.19
2014-05-07,789.75
2014-05-08,787.91
2014-05-09,770.15
2014-05-10,
2014-05-11,
2014-05-12,764.26
2014-05-13,758.4
2014-05-14,752.23
2014-05-15,754.14
2014-05-16,759.42
2014-05-17,
2014-05-18,
2014-05-19,754.05
2014-05-20,752.55
2014-05-21,
2014-05-22,755.2
2014-05-23,751.71
2014-05-24,
2014-05-25,
2014-05-26,755.11
2014-05-27,756.06
2014-05-28,757.69
2014-05-29,751.64
2014-05-30,745.33
2014-05-31,
2014-06-01,
2014-06-02,751.22
2014-06-03,748.31
2014-06-04,750.45
2014-06-05,751.76
2014-06-06,753.7
2014-06-07,
2014-06-08,
2014-06-09,749.47
2014-06-10,747.03
2014-06-11,748.88
2014-06-12,750.22
2014-06-13,750.41
2014-06-14,
2014-06-15,
2014-06-16,750.85
2014-06-17,755.34
2014-06-18,756.88
2014-06-19,758.64
2014-06-20,757.4
2014-06-21,
2014-06-22,
2014-06-23,757.4
2014-06-24,752.34
2014-06-25,749.17
2014-06-26,749.95
2014-06-27,748.63
2014-06-28,
2014-06-29,
2014-06-30,751.26
2014-07-01,756.84
2014-07-02,755.36
2014-07-03,754.04
2014-07-04,749.54
2014-07-05,
2014-07-06,
2014-07-07,745.85
2014-07-08,748.97
2014-07-09,751.83
2014-07-10,754.66
2014-07-11,752.26
2014-07-12,
2014-07-13,
2014-07-14,753.81
2014-07-15,754.16
2014-07-16,
2014-07-17,754.84
2014-07-18,761.22
2014-07-19,
2014-07-20,
2014-07-21,766.75
2014-07-22,765.09
2014-07-23,759.1
2014-07-24,759.03
2014-07-25,758.55
2014-07-26,
2014-07-27,
2014-07-28,757.06
2014-07-29,757.49
2014-07-30,758.76
2014-07-31,764.25
2014-08-01,767.46
2014-08-02,
2014-08-03,
2014-08-04,769.02
2014-08-05,767.14
2014-08-06,771.25
2014-08-07,772.59
2014-08-08,770.0
2014-08-09,
2014-08-10,
2014-08-11,772.51
2014-08-12,768.81
2014-08-13,770.26
2014-08-14,770.71
2014-08-15,
2014-08-16,
2014-08-17,
2014-08-18,770.4
2014-08-19,769.84
2014-08-20,770.46
2014-08-21,773.43
2014-08-22,773.81
2014-08-23,
2014-08-24,
2014-08-25,772.23
2014-08-26,769.4
2014-08-27,770.17
2014-08-28,776.71
2014-08-29,782.18
2014-08-30,
2014-08-31,
2014-09-01,776.29
2014-09-02,773.41
2014-09-03,776.52
2014-09-04,773.35
2014-09-05,765.7
2014-09-06,
2014-09-07,
2014-09-08,759.8
2014-09-09,755.51
2014-09-10,765.0
2014-09-11,762.05
2014-09-12,763.14
2014-09-13,
2014-09-14,
2014-09-15,766.02
2014-09-16,769.65
2014-09-17,770.02
2014-09-18,
2014-09-19,
2014-09-20,
2014-09-21,
2014-09-22,769.75
2014-09-23,770.28
2014-09-24,771.79
2014-09-25,765.92
2014-09-26,763.14
2014-09-27,
2014-09-28,
2014-09-29,760.7
2014-09-30,763.33
2014-10-01,756.97
2014-10-02,753.17
2014-10-03,755.58
2014-10-04,
2014-10-05,
2014-10-06,748.96
2014-10-07,752.61
2014-10-08,754.2
2014-10-09,752.7
2014-10-10,751.34
2014-10-11,
2014-10-12,
2014-10-13,750.38
2014-10-14,747.51
2014-10-15,744.9
2014-10-16,751.91
2014-10-17,757.61
2014-10-18,
2014-10-19,
2014-10-20,750.65
2014-10-21,751.37
2014-10-22,743.66
2014-10-23,739.6
2014-10-24,738.81
2014-10-25,
2014-10-26,
2014-10-27,740.24
2014-10-28,743.65
2014-10-29,741.2
2014-10-30,734.77
2014-10-31,
2014-11-01,
2014-11-02,
2014-11-03,727.08
2014-11-04,724.78
2014-11-05,735.22
2014-11-06,734.31
2014-11-07,732.56
2014-11-08,
2014-11-09,
2014-11-10,733.3
2014-11-11,728.45
2014-11-12,735.19
2014-11-13,736.92
2014-11-14,740.45
2014-11-15,
2014-11-16,
2014-11-17,746.01
2014-11-18,741.15
2014-11-19,747.13
2014-11-20,752.52
2014-11-21,752.44
2014-11-22,
2014-11-23,
2014-11-24,737.15
2014-11-25,738.52
2014-11-26,745.13
2014-11-27,750.88
2014-11-28,746.99
2014-11-29,
2014-11-30,
2014-12-01,752.87
2014-12-02,762.92
2014-12-03,761.99
2014-12-04,754.14
2014-12-05,759.66
2014-12-06,
2014-12-07,
2014-12-08,
2014-12-09,751.57
2014-12-10,760.18
2014-12-11,764.87
2014-12-12,763.2
2014-12-13,
2014-12-14,
2014-12-15,769.7
2014-12-16,770.61
2014-12-17,777.73
2014-12-18,767.94
2014-12-19,754.22
2014-12-20,
2014-12-21,
2014-12-22,749.3
2014-12-23,747.41
2014-12-24,741.22
2014-12-25,
2014-12-26,742.71
2014-12-27,
2014-12-28,
2014-12-29,740.38
2014-12-30,739.53
2014-12-31,
2015-01-01,
2015-01-02,738.05
2015-01-03,
2015-01-04,
2015-01-05,735.61
2015-01-06,735.29
2015-01-07,736.16
2015-01-08,726.92
2015-01-09,724.08
2015-01-10,
2015-01-11,
2015-01-12,726.83
2015-01-13,729.01
2015-01-14,727.96
2015-01-15,737.65
2015-01-16,723.6
2015-01-17,
2015-01-18,
2015-01-19,722.94
2015-01-20,731.24
2015-01-21,725.04
2015-01-22,727.36
2015-01-23,714.07
2015-01-24,
2015-01-25,
2015-01-26,705.62
2015-01-27,705.3
2015-01-28,707.73
2015-01-29,706.68
2015-01-30,707.17
2015-01-31,
2015-02-01,
2015-02-02,714.08
2015-02-03,717.09
2015-02-04,719.17
2015-02-05,715.94
2015-02-06,714.96
2015-02-07,
2015-02-08,
2015-02-09,705.71
2015-02-10,709.31
2015-02-11,709.04
2015-02-12,708.73
2015-02-13,715.09
2015-02-14,
2015-02-15,
2015-02-16,707.08
2015-02-17,703.91
2015-02-18,706.15
2015-02-19,703.56
2015-02-20,705.56
2015-02-21,
2015-02-22,
2015-02-23,700.74
2015-02-24,704.45
2015-02-25,705.01
2015-02-26,703.58
2015-02-27,692.07
2015-02-28,
2015-03-01,
2015-03-02,692.59
2015-03-03,690.43
2015-03-04,691.52
2015-03-05,686.36
2015-03-06,681.94
2015-03-07,
2015-03-08,
2015-03-09,677.89
2015-03-10,682.3
2015-03-11,678.42
2015-03-12,672.14
2015-03-13,671.55
2015-03-14,
2015-03-15,
2015-03-16,669.06
2015-03-17,677.44
2015-03-18,678.78
2015-03-19,684.92
2015-03-20,679.81
2015-03-21,
2015-03-22,
2015-03-23,690.44
2015-03-24,684.65
2015-03-25,681.21
2015-03-26,679.74
2015-03-27,675.46
2015-03-28,
2015-03-29,
2015-03-30,679.68
2015-03-31,678.58
2015-04-01,672.73
2015-04-02,666.04
2015-04-03,
2015-04-04,
2015-04-05,
2015-04-06,669.25
2015-04-07,671.14
2015-04-08,662.49
2015-04-09,660.88
2015-04-10,654.42
2015-04-11,
2015-04-12,
2015-04-13,655.61
2015-04-14,656.69
2015-04-15,655.14
2015-04-16,658.94
2015-04-17,658.39
2015-04-18,
2015-04-19,
2015-04-20,661.05
2015-04-21,660.75
2015-04-22,662.03
2015-04-23,663.47
2015-04-24,669.9
2015-04-25,
2015-04-26,
2015-04-27,666.91
2015-04-28,665.66
2015-04-29,665.27
2015-04-30,676.88
2015-05-01,
2015-05-02,
2015-05-03,
2015-05-04,684.6
2015-05-05,685.73
2015-05-06,684.9
2015-05-07,690.14
2015-05-08,687.62
2015-05-09,
2015-05-10,
2015-05-11,680.03
2015-05-12,676.99
2015-05-13,682.06
2015-05-14,682.77
2015-05-15,680.85
2015-05-16,
2015-05-17,
2015-05-18,683.18
2015-05-19,679.82
2015-05-20,671.67
2015-05-21,
2015-05-22,671.86
2015-05-23,
2015-05-24,
2015-05-25,669.24
2015-05-26,669.67
2015-05-27,666.4
2015-05-28,670.81
2015-05-29,675.99
2015-05-30,
2015-05-31,
2015-06-01,677.35
2015-06-02,679.22
2015-06-03,694.97
2015-06-04,704.17
2015-06-05,708.47
2015-06-06,
2015-06-07,
2015-06-08,706.78
2015-06-09,713.39
2015-06-10,706.69
2015-06-11,706.55
2015-06-12,709.93
2015-06-13,
2015-06-14,
2015-06-15,711.05
2015-06-16,715.08
2015-06-17,712.09
2015-06-18,718.57
2015-06-19,715.2
2015-06-20,
2015-06-21,
2015-06-22,718.04
2015-06-23,716.15
2015-06-24,708.98
2015-06-25,707.93
2015-06-26,708.07
2015-06-27,
2015-06-28,
2015-06-29,
2015-06-30,707.6
2015-07-01,712.34
2015-07-02,706.75
2015-07-03,706.31
2015-07-04,
2015-07-05,
2015-07-06,705.92
2015-07-07,710.49
2015-07-08,710.19
2015-07-09,720.96
2015-07-10,711.24
2015-07-11,
2015-07-12,
2015-07-13,719.22
2015-07-14,713.07
2015-07-15,708.65
2015-07-16,
2015-07-17,703.04
2015-07-18,
2015-07-19,
2015-07-20,699.91
2015-07-21,703.62
2015-07-22,713.06
2015-07-23,713.32
2015-07-24,719.55
2015-07-25,
2015-07-26,
2015-07-27,725.13
2015-07-28,738.76
2015-07-29,734.58
2015-07-30,734.65
2015-07-31,732.95
2015-08-01,
2015-08-02,
2015-08-03,738.7
2015-08-04,742.93
2015-08-05,741.26
2015-08-06,743.52
2015-08-07,746.77
2015-08-08,
2015-08-09,
2015-08-10,743.65
2015-08-11,746.2
2015-08-12,750.41
2015-08-13,762.17
2015-08-14,762.68
2015-08-15,
2015-08-16,
2015-08-17,760.66
2015-08-18,763.5
2015-08-19,769.0
2015-08-20,769.01
2015-08-21,777.02
2015-08-22,
2015-08-23,
2015-08-24,788.57
2015-08-25,815.53
2015-08-26,800.81
2015-08-27,802.82
2015-08-28,786.17
2015-08-29,
2015-08-30,
2015-08-31,773.24
2015-09-01,780.04
2015-09-02,781.08
2015-09-03,773.74
2015-09-04,766.6
2015-09-05,
2015-09-06,
2015-09-07,771.62
2015-09-08,774.91
2015-09-09,769.69
2015-09-10,768.4
2015-09-11,779.33
2015-09-12,
2015-09-13,
2015-09-14,776.65
2015-09-15,779.19
2015-09-16,773.21
2015-09-17,768.72
2015-09-18,
2015-09-19,
2015-09-20,
2015-09-21,766.41
2015-09-22,764.13
2015-09-23,774.72
2015-09-24,783.3
2015-09-25,793.88
2015-09-26,
2015-09-27,
2015-09-28,780.31
2015-09-29,793.26
2015-09-30,792.84
2015-10-01,781.22
2015-10-02,778.52
2015-10-03,
2015-10-04,
2015-10-05,780.48
2015-10-06,767.06
2015-10-07,767.13
2015-10-08,763.15
2015-10-09,769.93
2015-10-10,
2015-10-11,
2015-10-12,
2015-10-13,767.9
2015-10-14,777.7
2015-10-15,779.52
2015-10-16,769.76
2015-10-17,
2015-10-18,
2015-10-19,767.11
2015-10-20,769.15
2015-10-21,776.63
2015-10-22,786.27
2015-10-23,769.92
2015-10-24,
2015-10-25,
2015-10-26,755.8
2015-10-27,757.61
2015-10-28,759.03
2015-10-29,761.54
2015-10-30,756.29
2015-10-31,
2015-11-01,
2015-11-02,760.77
2015-11-03,762.53
2015-11-04,757.3
2015-11-05,747.95
2015-11-06,753.38
2015-11-07,
2015-11-08,
2015-11-09,748.09
2015-11-10,754.85
2015-11-11,751.15
2015-11-12,750.41
2015-11-13,758.57
2015-11-14,
2015-11-15,
2015-11-16,755.8
2015-11-17,759.49
2015-11-18,756.21
2015-11-19,759.86
2015-11-20,764.32
2015-11-21,
2015-11-22,
2015-11-23,755.42
2015-11-24,759.56
2015-11-25,757.96
2015-11-26,758.28
2015-11-27,755.58
2015-11-28,
2015-11-29,
2015-11-30,755.38
2015-12-01,751.16
2015-12-02,750.85
2015-12-03,743.23
2015-12-04,766.73
2015-12-05,
2015-12-06,
2015-12-07,761.83
2015-12-08,
2015-12-09,766.51
2015-12-10,774.57
2015-12-11,769.99
2015-12-12,
2015-12-13,
2015-12-14,778.07
2015-12-15,784.3
2015-12-16,775.0
2015-12-17,775.11
2015-12-18,765.53
2015-12-19,
2015-12-20,
2015-12-21,761.9
2015-12-22,758.63
2015-12-23,760.82
2015-12-24,757.13
2015-12-25,
2015-12-26,
2015-12-27,
2015-12-28,767.55
2015-12-29,773.15
2015-12-30,771.95
2015-12-31,
2016-01-01,
2016-01-02,
2016-01-03,
2016-01-04,774.61
2016-01-05,775.32
2016-01-06,767.67
2016-01-07,770.22
2016-01-08,783.86
2016-01-09,
2016-01-10,
2016-01-11,786.98
2016-01-12,794.71
2016-01-13,791.29
2016-01-14,788.38
2016-01-15,788.85
2016-01-16,
2016-01-17,
2016-01-18,801.66
2016-01-19,795.08
2016-01-20,792.52
2016-01-21,796.61
2016-01-22,786.99
2016-01-23,
2016-01-24,
2016-01-25,773.4
2016-01-26,776.64
2016-01-27,780.47
2016-01-28,777.98
2016-01-29,779.45
2016-01-30,
2016-01-31,
2016-02-01,769.3
2016-02-02,778.68
2016-02-03,778.04
2016-02-04,784.59
2016-02-05,781.57
2016-02-06,
2016-02-07,
2016-02-08,779.71
2016-02-09,792.13
2016-02-10,810.66
2016-02-11,799.08
2016-02-12,809.93
2016-02-13,
2016-02-14,
2016-02-15,796.21
2016-02-16,781.67
2016-02-17,785.25
2016-02-18,785.83
2016-02-19,777.3
2016-02-20,
2016-02-21,
2016-02-22,781.46
2016-02-23,764.58
2016-02-24,763.81
2016-02-25,769.75
2016-02-26,762.42
2016-02-27,
2016-02-28,
2016-02-29,753.04
2016-03-01,754.45
2016-03-02,753.44
2016-03-03,746.64
2016-03-04,750.84
2016-03-05,
2016-03-06,
2016-03-07,749.6
2016-03-08,751.11
2016-03-09,751.18
2016-03-10,748.4
2016-03-11,758.21
2016-03-12,
2016-03-13,
2016-03-14,762.53
2016-03-15,759.81
2016-03-16,762.2
2016-03-17,761.77
2016-03-18,760.68
2016-03-19,
2016-03-20,
2016-03-21,757.41
2016-03-22,762.03
2016-03-23,760.04
2016-03-24,757.11
2016-03-25,
2016-03-26,
2016-03-27,
2016-03-28,762.75
2016-03-29,762.5
2016-03-30,770.19
2016-03-31,764.03
2016-04-01,762.26
2016-04-02,
2016-04-03,
2016-04-04,764.51
2016-04-05,763.37
2016-04-06,768.98
2016-04-07,772.4
2016-04-08,773.63
2016-04-09,
2016-04-10,
2016-04-11,778.16
2016-04-12,778.1
2016-04-13,768.05
2016-04-14,756.77
2016-04-15,753.19
2016-04-16,
2016-04-17,
2016-04-18,753.05
2016-04-19,753.91
2016-04-20,748.72
2016-04-21,746.95
2016-04-22,746.15
2016-04-23,
2016-04-24,
2016-04-25,748.2
2016-04-26,753.51
2016-04-27,755.01
2016-04-28,756.72
2016-04-29,752.5
2016-04-30,
2016-05-01,
2016-05-02,754.31
2016-05-03,761.82
2016-05-04,770.17
2016-05-05,770.09
2016-05-06,760.78
2016-05-07,
2016-05-08,
2016-05-09,761.55
2016-05-10,763.85
2016-05-11,770.42
2016-05-12,775.96
2016-05-13,776.86
2016-05-14,
2016-05-15,
2016-05-16,778.92
2016-05-17,783.75
2016-05-18,783.77
2016-05-19,776.24
2016-05-20,780.56
2016-05-21,
2016-05-22,
2016-05-23,777.13
2016-05-24,778.78
2016-05-25,772.17
2016-05-26,772.42
2016-05-27,768.84
2016-05-28,
2016-05-29,
2016-05-30,764.24
2016-05-31,768.76
2016-06-01,768.25
2016-06-02,775.68
2016-06-03,771.0
2016-06-04,
2016-06-05,
2016-06-06,774.59
2016-06-07,773.44
2016-06-08,772.56
2016-06-09,767.2
2016-06-10,768.21
2016-06-11,
2016-06-12,
2016-06-13,769.64
2016-06-14,773.75
2016-06-15,771.51
2016-06-16,774.05
2016-06-17,774.92
2016-06-18,
2016-06-19,
2016-06-20,773.6
2016-06-21,769.0
2016-06-22,761.04
2016-06-23,760.57
2016-06-24,760.54
2016-06-25,
2016-06-26,
2016-06-27,
2016-06-28,757.3
2016-06-29,744.35
2016-06-30,734.58
2016-07-01,731.93
2016-07-02,
2016-07-03,
2016-07-04,733.59
2016-07-05,735.29
2016-07-06,732.57
2016-07-07,737.52
2016-07-08,734.74
2016-07-09,
2016-07-10,
2016-07-11,730.45
2016-07-12,727.54
2016-07-13,728.08
2016-07-14,731.25
2016-07-15,724.05
2016-07-16,
2016-07-17,
2016-07-18,719.43
2016-07-19,720.83
2016-07-20,717.39
2016-07-21,716.8
2016-07-22,716.04
2016-07-23,
2016-07-24,
2016-07-25,713.11
2016-07-26,721.48
2016-07-27,726.26
2016-07-28,731.27
2016-07-29,736.12
2016-07-30,
2016-07-31,
2016-08-01,733.61
2016-08-02,734.44
2016-08-03,735.35
2016-08-04,732.43
2016-08-05,731.86
2016-08-06,
2016-08-07,
2016-08-08,728.68
2016-08-09,725.61
2016-08-10,725.38
2016-08-11,725.63
2016-08-12,718.75
2016-08-13,
2016-08-14,
2016-08-15,
2016-08-16,724.21
2016-08-17,731.53
2016-08-18,740.63
2016-08-19,743.74
2016-08-20,
2016-08-21,
2016-08-22,747.84
2016-08-23,755.3
2016-08-24,756.81
2016-08-25,756.35
2016-08-26,750.95
2016-08-27,
2016-08-28,
2016-08-29,744.11
2016-08-30,750.83
2016-08-31,750.22
2016-09-01,756.99
2016-09-02,761.71
2016-09-03,
2016-09-04,
2016-09-05,753.74
2016-09-06,751.29
2016-09-07,753.08
2016-09-08,742.47
2016-09-09,744.75
2016-09-10,
2016-09-11,
2016-09-12,752.23
2016-09-13,757.0
2016-09-14,755.47
2016-09-15,759.8
2016-09-16,754.76
2016-09-17,
2016-09-18,
2016-09-19,
2016-09-20,752.9
2016-09-21,751.23
2016-09-22,744.13
2016-09-23,737.48
2016-09-24,
2016-09-25,
2016-09-26,741.33
2016-09-27,745.37
2016-09-28,743.02
2016-09-29,742.04
2016-09-30,739.13
2016-10-01,
2016-10-02,
2016-10-03,738.77
2016-10-04,738.74
2016-10-05,741.73
2016-10-06,745.28
2016-10-07,744.39
2016-10-08,
2016-10-09,
2016-10-10,
2016-10-11,746.04
2016-10-12,738.27
2016-10-13,735.52
2016-10-14,740.89
2016-10-15,
2016-10-16,
2016-10-17,738.05
2016-10-18,737.91
2016-10-19,734.58
2016-10-20,732.13
2016-10-21,729.32
2016-10-22,
2016-10-23,
2016-10-24,724.7
2016-10-25,718.04
2016-10-26,712.16
2016-10-27,712.7
2016-10-28,709.86
2016-10-29,
2016-10-30,
2016-10-31,
2016-11-01,
2016-11-02,714.25
2016-11-03,726.33
2016-11-04,722.62
2016-11-05,
2016-11-06,
2016-11-07,728.04
2016-11-08,722.26
2016-11-09,717.79
2016-11-10,711.65
2016-11-11,714.6
2016-11-12,
2016-11-13,
2016-11-14,718.64
2016-11-15,717.67
2016-11-16,717.2
2016-11-17,723.37
2016-11-18,718.65
2016-11-19,
2016-11-20,
2016-11-21,718.44
2016-11-22,716.44
2016-11-23,716.5
2016-11-24,717.63
2016-11-25,715.33
2016-11-26,
2016-11-27,
2016-11-28,718.25
2016-11-29,715.02
2016-11-30,717.83
2016-12-01,713.12
2016-12-02,716.76
2016-12-03,
2016-12-04,
2016-12-05,718.11
2016-12-06,718.24
2016-12-07,708.61
2016-12-08,
2016-12-09,705.38
2016-12-10,
2016-12-11,
2016-12-12,688.74
2016-12-13,690.7
2016-12-14,690.87
2016-12-15,698.08
2016-12-16,689.61
2016-12-17,
2016-12-18,
2016-12-19,700.05
2016-12-20,707.24
2016-12-21,702.8
2016-12-22,700.98
2016-12-23,704.99
2016-12-24,
2016-12-25,
2016-12-26,703.81
2016-12-27,702.92
2016-12-28,704.15
2016-12-29,699.21
2016-12-30,698.51
2016-12-31,
2017-01-01,
2017-01-02,
2017-01-03,705.6
2017-01-04,702.0
2017-01-05,703.51
2017-01-06,706.09
2017-01-07,
2017-01-08,
2017-01-09,701.26
2017-01-10,708.24
2017-01-11,708.04
2017-01-12,711.76
2017-01-13,706.38
2017-01-14,
2017-01-15,
2017-01-16,702.19
2017-01-17,701.28
2017-01-18,704.11
2017-01-19,703.96
2017-01-20,701.5
2017-01-21,
2017-01-22,
2017-01-23,704.43
2017-01-24,700.33
2017-01-25,703.43
2017-01-26,698.55
2017-01-27,692.12
2017-01-28,
2017-01-29,
2017-01-30,694.51
2017-01-31,694.05
2017-02-01,696.55
2017-02-02,695.44
2017-02-03,694.2
2017-02-04,
2017-02-05,
2017-02-06,691.97
2017-02-07,686.44
2017-02-08,691.34
2017-02-09,692.05
2017-02-10,689.43
2017-02-11,
2017-02-12,
2017-02-13,683.86
2017-02-14,681.01
2017-02-15,678.39
2017-02-16,678.18
2017-02-17,680.18
2017-02-18,
2017-02-19,
2017-02-20,683.04
2017-02-21,681.9
2017-02-22,678.93
2017-02-23,677.13
2017-02-24,677.34
2017-02-25,
2017-02-26,
2017-02-27,683.74
2017-02-28,684.84
2017-03-01,689.12
2017-03-02,687.78
2017-03-03,687.31
2017-03-04,
2017-03-05,
2017-03-06,691.68
2017-03-07,697.34
2017-03-08,698.58
2017-03-09,697.58
2017-03-10,703.61
2017-03-11,
2017-03-12,
2017-03-13,707.78
2017-03-14,709.56
2017-03-15,711.25
2017-03-16,712.1
2017-03-17,709.44
2017-03-18,
2017-03-19,
2017-03-20,710.84
2017-03-21,711.59
2017-03-22,711.17
2017-03-23,716.58
2017-03-24,714.35
2017-03-25,
2017-03-26,
2017-03-27,715.13
2017-03-28,721.53
2017-03-29,721.37
2017-03-30,714.02
2017-03-31,708.42
2017-04-01,
2017-04-02,
2017-04-03,709.37
2017-04-04,702.11
2017-04-05,704.31
2017-04-06,700.32
2017-04-07,698.41
2017-04-08,
2017-04-09,
2017-04-10,695.41
2017-04-11,693.32
2017-04-12,692.11
2017-04-13,692.94
2017-04-14,
2017-04-15,
2017-04-16,
2017-04-17,690.02
2017-04-18,689.6
2017-04-19,
2017-04-20,693.37
2017-04-21,697.23
2017-04-22,
2017-04-23,
2017-04-24,696.4
2017-04-25,709.09
2017-04-26,722.14
2017-04-27,723.76
2017-04-28,722.44
2017-04-29,
2017-04-30,
2017-05-01,
2017-05-02,725.48
2017-05-03,727.48
2017-05-04,730.09
2017-05-05,739.24
2017-05-06,
2017-05-07,
2017-05-08,741.54
2017-05-09,739.07
2017-05-10,739.06
2017-05-11,730.96
2017-05-12,730.03
2017-05-13,
2017-05-14,
2017-05-15,732.73
2017-05-16,732.89
2017-05-17,739.3
2017-05-18,745.89
2017-05-19,749.56
2017-05-20,
2017-05-21,
2017-05-22,751.12
2017-05-23,751.14
2017-05-24,752.55
2017-05-25,755.91
2017-05-26,749.71
2017-05-27,
2017-05-28,
2017-05-29,749.05
2017-05-30,752.84
2017-05-31,755.38
2017-06-01,755.45
2017-06-02,754.03
2017-06-03,
2017-06-04,
2017-06-05,755.99
2017-06-06,752.66
2017-06-07,754.31
2017-06-08,752.49
2017-06-09,747.29
2017-06-10,
2017-06-11,
2017-06-12,743.59
2017-06-13,741.07
2017-06-14,742.2
2017-06-15,741.72
2017-06-16,741.7
2017-06-17,
2017-06-18,
2017-06-19,743.09
2017-06-20,738.62
2017-06-21,738.5
2017-06-22,741.34
2017-06-23,740.16
2017-06-24,
2017-06-25,
2017-06-26,
2017-06-27,741.01
2017-06-28,750.5
2017-06-29,753.54
2017-06-30,758.47
2017-07-01,
2017-07-02,
2017-07-03,758.32
2017-07-04,751.7
2017-07-05,752.88
2017-07-06,754.18
2017-07-07,760.96
2017-07-08,
2017-07-09,
2017-07-10,760.19
2017-07-11,760.27
2017-07-12,764.79
2017-07-13,757.55
2017-07-14,753.2
2017-07-15,
2017-07-16,
2017-07-17,754.71
2017-07-18,753.95
2017-07-19,758.57
2017-07-20,752.86
2017-07-21,757.54
2017-07-22,
2017-07-23,
2017-07-24,761.29
2017-07-25,757.45
2017-07-26,755.53
2017-07-27,759.13
2017-07-28,757.17
2017-07-29,
2017-07-30,
2017-07-31,765.84
2017-08-01,771.23
2017-08-02,769.69
2017-08-03,774.8
2017-08-04,771.62
2017-08-05,
2017-08-06,
2017-08-07,764.56
2017-08-08,766.94
2017-08-09,763.52
2017-08-10,763.49
2017-08-11,761.13
2017-08-12,
2017-08-13,
2017-08-14,766.68
2017-08-15,
2017-08-16,763.58
2017-08-17,757.52
2017-08-18,758.18
2017-08-19,
2017-08-20,
2017-08-21,759.6
2017-08-22,759.55
2017-08-23,754.05
2017-08-24,757.79
2017-08-25,754.18
2017-08-26,
2017-08-27,
2017-08-28,756.52
2017-08-29,755.07
2017-08-30,752.23
2017-08-31,747.51
2017-09-01,747.52
2017-09-02,
2017-09-03,
2017-09-04,740.36
2017-09-05,743.31
2017-09-06,739.94
2017-09-07,740.21
2017-09-08,738.64
2017-09-09,
2017-09-10,
2017-09-11,743.76
2017-09-12,743.56
2017-09-13,746.51
2017-09-14,744.49
2017-09-15,746.29
2017-09-16,
2017-09-17,
2017-09-18,
2017-09-19,
2017-09-20,746.46
2017-09-21,746.09
2017-09-22,744.56
2017-09-23,
2017-09-24,
2017-09-25,745.16
2017-09-26,743.9
2017-09-27,747.34
2017-09-28,750.39
2017-09-29,750.47
2017-09-30,
2017-10-01,
2017-10-02,752.99
2017-10-03,751.7
2017-10-04,747.02
2017-10-05,741.79
2017-10-06,736.0
2017-10-07,
2017-10-08,
2017-10-09,
2017-10-10,742.55
2017-10-11,742.65
2017-10-12,742.44
2017-10-13,739.9
2017-10-14,
2017-10-15,
2017-10-16,735.55
2017-10-17,731.44
2017-10-18,730.99
2017-10-19,736.63
2017-10-20,740.3
2017-10-21,
2017-10-22,
2017-10-23,740.67
2017-10-24,740.75
2017-10-25,743.39
2017-10-26,745.56
2017-10-27,
2017-10-28,
2017-10-29,
2017-10-30,734.85
2017-10-31,740.28
2017-11-01,
2017-11-02,741.85
2017-11-03,736.82
2017-11-04,
2017-11-05,
2017-11-06,732.22
2017-11-07,734.56
2017-11-08,734.07
2017-11-09,732.18
2017-11-10,735.2
2017-11-11,
2017-11-12,
2017-11-13,735.06
2017-11-14,737.44
2017-11-15,741.87
2017-11-16,745.17
2017-11-17,742.27
2017-11-18,
2017-11-19,
2017-11-20,741.73
2017-11-21,747.49
2017-11-22,745.98
2017-11-23,748.87
2017-11-24,751.64
2017-11-25,
2017-11-26,
2017-11-27,755.98
2017-11-28,757.36
2017-11-29,761.66
2017-11-30,762.23
2017-12-01,767.05
2017-12-02,
2017-12-03,
2017-12-04,772.73
2017-12-05,767.84
2017-12-06,771.03
2017-12-07,771.01
2017-12-08,
2017-12-09,
2017-12-10,
2017-12-11,772.54
2017-12-12,773.03
2017-12-13,769.65
2017-12-14,764.0
2017-12-15,755.24
2017-12-16,
2017-12-17,
2017-12-18,751.82
2017-12-19,734.94
2017-12-20,733.42
2017-12-21,736.94
2017-12-22,736.72
2017-12-23,
2017-12-24,
2017-12-25,
2017-12-26,736.66
2017-12-27,734.32
2017-12-28,733.59
2017-12-29,735.21
2017-12-30,
2017-12-31,
2018-01-01,
2018-01-02,739.15
2018-01-03,734.24
2018-01-04,727.58
2018-01-05,728.76
2018-01-06,
2018-01-07,
2018-01-08,729.73
2018-01-09,726.01
2018-01-10,724.04
2018-01-11,728.41
2018-01-12,732.05
2018-01-13,
2018-01-14,
2018-01-15,732.76
2018-01-16,738.45
2018-01-17,736.19
2018-01-18,740.23
2018-01-19,741.7
2018-01-20,
2018-01-21,
2018-01-22,742.14
2018-01-23,741.9
2018-01-24,747.2
2018-01-25,748.41
2018-01-26,748.32
2018-01-27,
2018-01-28,
2018-01-29,746.17
2018-01-30,747.19
2018-01-31,749.62
2018-02-01,750.12
2018-02-02,748.43
2018-02-03,
2018-02-04,
2018-02-05,749.51
2018-02-06,748.88
2018-02-07,744.93
2018-02-08,732.39
2018-02-09,735.57
2018-02-10,
2018-02-11,
2018-02-12,736.98
2018-02-13,736.54
2018-02-14,737.84
2018-02-15,740.36
2018-02-16,738.61
2018-02-17,
2018-02-18,
2018-02-19,738.12
2018-02-20,737.69
2018-02-21,735.89
2018-02-22,732.3
2018-02-23,734.05
2018-02-24,
2018-02-25,
2018-02-26,727.72
2018-02-27,723.5
2018-02-28,720.94
2018-03-01,724.8
2018-03-02,727.72
2018-03-03,
2018-03-04,
2018-03-05,736.23
2018-03-06,740.55
2018-03-07,739.09
2018-03-08,746.05
2018-03-09,745.34
2018-03-10,
2018-03-11,
2018-03-12,743.76
2018-03-13,744.57
2018-03-14,746.67
2018-03-15,743.92
2018-03-16,743.46
2018-03-17,
2018-03-18,
2018-03-19,746.16
2018-03-20,752.05
2018-03-21,747.31
2018-03-22,744.79
2018-03-23,747.83
2018-03-24,
2018-03-25,
2018-03-26,751.81
2018-03-27,754.57
2018-03-28,751.33
2018-03-29,746.5
2018-03-30,
2018-03-31,
2018-04-01,
2018-04-02,741.9
2018-04-03,742.54
2018-04-04,740.69
2018-04-05,743.01
2018-04-06,736.9
2018-04-07,
2018-04-08,
2018-04-09,742.72
2018-04-10,744.51
2018-04-11,743.75
2018-04-12,741.49
2018-04-13,736.17
2018-04-14,
2018-04-15,
2018-04-16,734.58
2018-04-17,737.61
2018-04-18,736.58
2018-04-19,736.11
2018-04-20,733.94
2018-04-21,
2018-04-22,
2018-04-23,732.78
2018-04-24,733.22
2018-04-25,734.06
2018-04-26,735.02
2018-04-27,731.11
2018-04-28,
2018-04-29,
2018-04-30,733.25
2018-05-01,
2018-05-02,738.34
2018-05-03,738.78
2018-05-04,741.8
2018-05-05,
2018-05-06,
2018-05-07,742.99
2018-05-08,748.04
2018-05-09,755.52
2018-05-10,750.62
2018-05-11,747.64
2018-05-12,
2018-05-13,
2018-05-14,739.04
2018-05-15,743.99
2018-05-16,749.5
2018-05-17,745.29
2018-05-18,746.32
2018-05-19,
2018-05-20,
2018-05-21,
2018-05-22,750.15
2018-05-23,738.63
2018-05-24,731.6
2018-05-25,732.07
2018-05-26,
2018-05-27,
2018-05-28,729.37
2018-05-29,725.95
2018-05-30,724.12
2018-05-31,731.89
2018-06-01,737.66
2018-06-02,
2018-06-03,
2018-06-04,736.78
2018-06-05,737.2
2018-06-06,742.99
2018-06-07,740.16
2018-06-08,744.99
2018-06-09,
2018-06-10,
2018-06-11,741.88
2018-06-12,745.71
2018-06-13,744.16
2018-06-14,744.89
2018-06-15,735.4
2018-06-16,
2018-06-17,
2018-06-18,738.83
2018-06-19,740.5
2018-06-20,742.83
2018-06-21,739.96
2018-06-22,744.38
2018-06-23,
2018-06-24,
2018-06-25,743.56
2018-06-26,748.6
2018-06-27,745.56
2018-06-28,746.58
2018-06-29,749.16
2018-06-30,
2018-07-01,
2018-07-02,
2018-07-03,760.32
2018-07-04,760.05
2018-07-05,762.02
2018-07-06,765.26
2018-07-07,
2018-07-08,
2018-07-09,771.88
2018-07-10,765.58
2018-07-11,763.95
2018-07-12,761.85
2018-07-13,756.54
2018-07-14,
2018-07-15,
2018-07-16,
2018-07-17,757.34
2018-07-18,762.38
2018-07-19,763.39
2018-07-20,771.13
2018-07-21,
2018-07-22,
2018-07-23,772.94
2018-07-24,774.41
2018-07-25,765.85
2018-07-26,759.58
2018-07-27,754.92
2018-07-28,
2018-07-29,
2018-07-30,749.73
2018-07-31,748.17
2018-08-01,747.86
2018-08-02,748.02
2018-08-03,747.47
2018-08-04,
2018-08-05,
2018-08-06,745.43
2018-08-07,747.38
2018-08-08,744.13
2018-08-09,748.08
2018-08-10,746.16
2018-08-11,
2018-08-12,
2018-08-13,745.53
2018-08-14,751.0
2018-08-15,
2018-08-16,750.45
2018-08-17,756.28
2018-08-18,
2018-08-19,
2018-08-20,762.71
2018-08-21,767.61
2018-08-22,771.04
2018-08-23,765.46
2018-08-24,768.12
2018-08-25,
2018-08-26,
2018-08-27,770.42
2018-08-28,767.21
2018-08-29,771.47
2018-08-30,780.08
2018-08-31,787.06
2018-09-01,
2018-09-02,
2018-09-03,789.33
2018-09-04,794.85
2018-09-05,802.61
2018-09-06,803.36
2018-09-07,795.64
2018-09-08,
2018-09-09,
2018-09-10,795.52
2018-09-11,803.32
2018-09-12,809.49
2018-09-13,804.03
2018-09-14,797.75
2018-09-15,
2018-09-16,
2018-09-17,
2018-09-18,
2018-09-19,
2018-09-20,796.81
2018-09-21,792.73
2018-09-22,
2018-09-23,
2018-09-24,782.67
2018-09-25,784.44
2018-09-26,789.22
2018-09-27,780.51
2018-09-28,771.88
2018-09-29,
2018-09-30,
2018-10-01,767.22
2018-10-02,759.37
2018-10-03,760.87
2018-10-04,759.65
2018-10-05,771.11
2018-10-06,
2018-10-07,
2018-10-08,774.53
2018-10-09,781.3
2018-10-10,785.44
2018-10-11,788.52
2018-10-12,791.5
2018-10-13,
2018-10-14,
2018-10-15,
2018-10-16,783.7
2018-10-17,776.34
2018-10-18,771.8
2018-10-19,773.27
2018-10-20,
2018-10-21,
2018-10-22,779.2
2018-10-23,780.5
2018-10-24,786.83
2018-10-25,782.15
2018-10-26,781.49
2018-10-27,
2018-10-28,
2018-10-29,786.52
2018-10-30,782.95
2018-10-31,787.23
2018-11-01,
2018-11-02,
2018-11-03,
2018-11-04,
2018-11-05,789.78
2018-11-06,778.19
2018-11-07,776.56
2018-11-08,775.02
2018-11-09,770.92
2018-11-10,
2018-11-11,
2018-11-12,771.87
2018-11-13,771.05
2018-11-14,776.42
2018-11-15,777.24
2018-11-16,768.22
2018-11-17,
2018-11-18,
2018-11-19,767.77
2018-11-20,767.0
2018-11-21,764.55
2018-11-22,762.21
2018-11-23,761.16
2018-11-24,
2018-11-25,
2018-11-26,763.13
2018-11-27,766.66
2018-11-28,762.77
2018-11-29,762.23
2018-11-30,761.58
2018-12-01,
2018-12-02,
2018-12-03,759.75
2018-12-04,756.86
2018-12-05,757.58
2018-12-06,762.62
2018-12-07,771.78
2018-12-08,
2018-12-09,
2018-12-10,767.44
2018-12-11,770.02
2018-12-12,769.38
2018-12-13,771.24
2018-12-14,773.44
2018-12-15,
2018-12-16,
2018-12-17,775.81
2018-12-18,777.58
2018-12-19,782.42
2018-12-20,786.45
2018-12-21,788.48
2018-12-22,
2018-12-23,
2018-12-24,788.01
2018-12-25,
2018-12-26,790.65
2018-12-27,789.1
2018-12-28,795.89
2018-12-29,
2018-12-30,
2018-12-31,
2019-01-01,
2019-01-02,794.75
2019-01-03,791.16
2019-01-04,795.48
2019-01-05,
2019-01-06,
2019-01-07,784.7
2019-01-08,779.28
2019-01-09,778.5
2019-01-10,781.75
2019-01-11,779.72
2019-01-12,
2019-01-13,
2019-01-14,775.23
2019-01-15,774.65
2019-01-16,767.38
2019-01-17,767.08
2019-01-18,764.31
2019-01-19,
2019-01-20,
2019-01-21,761.13
2019-01-22,764.37
2019-01-23,764.02
2019-01-24,766.1
2019-01-25,759.91
2019-01-26,
2019-01-27,
2019-01-28,760.51
2019-01-29,767.54
2019-01-30,764.99
2019-01-31,761.4
2019-02-01,752.64
2019-02-02,
2019-02-03,
2019-02-04,751.77
2019-02-05,747.46
2019-02-06,744.76
2019-02-07,743.91
2019-02-08,742.92
2019-02-09,
2019-02-10,
2019-02-11,743.7
2019-02-12,745.09
2019-02-13,747.67
2019-02-14,745.89
2019-02-15,751.66
2019-02-16,
2019-02-17,
2019-02-18,748.57
2019-02-19,747.03
2019-02-20,747.48
2019-02-21,743.69
2019-02-22,741.2
2019-02-23,
2019-02-24,
2019-02-25,738.25
2019-02-26,736.41
2019-02-27,739.08
2019-02-28,738.71
2019-03-01,741.43
2019-03-02,
2019-03-03,
2019-03-04,746.53
2019-03-05,746.91
2019-03-06,742.51
2019-03-07,744.88
2019-03-08,743.12
2019-03-09,
2019-03-10,
2019-03-11,754.08
2019-03-12,751.93
2019-03-13,753.09
2019-03-14,752.44
2019-03-15,757.76
2019-03-16,
2019-03-17,
2019-03-18,757.83
2019-03-19,755.79
2019-03-20,755.0
2019-03-21,756.11
2019-03-22,754.7
2019-03-23,
2019-03-24,
2019-03-25,763.92
2019-03-26,768.1
2019-03-27,765.96
2019-03-28,769.71
2019-03-29,765.27
2019-03-30,
2019-03-31,
2019-04-01,761.28
2019-04-02,753.74
2019-04-03,750.67
2019-04-04,750.56
2019-04-05,747.33
2019-04-06,
2019-04-07,
2019-04-08,744.84
2019-04-09,746.8
2019-04-10,746.96
2019-04-11,747.2
2019-04-12,747.62
2019-04-13,
2019-04-14,
2019-04-15,746.44
2019-04-16,749.08
2019-04-17,749.41
2019-04-18,745.97
2019-04-19,
2019-04-20,
2019-04-21,
2019-04-22,743.62
2019-04-23,747.48
2019-04-24,749.18
2019-04-25,750.51
2019-04-26,752.77
2019-04-27,
2019-04-28,
2019-04-29,751.66
2019-04-30,757.77
2019-05-01,
2019-05-02,761.4
2019-05-03,763.73
2019-05-04,
2019-05-05,
2019-05-06,759.74
2019-05-07,763.13
2019-05-08,763.93
2019-05-09,765.93
2019-05-10,770.4
2019-05-11,
2019-05-12,
2019-05-13,770.24
2019-05-14,778.52
2019-05-15,776.42
2019-05-16,776.04
2019-05-17,774.15
2019-05-18,
2019-05-19,
2019-05-20,777.55
2019-05-21,
2019-05-22,778.68
2019-05-23,777.48
2019-05-24,780.44
2019-05-25,
2019-05-26,
2019-05-27,778.71
2019-05-28,779.3
2019-05-29,785.75
2019-05-30,788.64
2019-05-31,788.18
2019-06-01,
2019-06-02,
2019-06-03,792.63
2019-06-04,792.21
2019-06-05,784.49
2019-06-06,778.76
2019-06-07,780.92
2019-06-08,
2019-06-09,
2019-06-10,784.81
2019-06-11,788.94
2019-06-12,786.22
2019-06-13,784.74
2019-06-14,785.48
2019-06-15,
2019-06-16,
2019-06-17,783.23
2019-06-18,784.57
2019-06-19,780.04
2019-06-20,780.11
2019-06-21,772.4
2019-06-22,
2019-06-23,
2019-06-24,776.51
2019-06-25,777.47
2019-06-26,771.08
2019-06-27,773.23
2019-06-28,772.92
2019-06-29,
2019-06-30,
2019-07-01,772.11
2019-07-02,764.81
2019-07-03,769.48
2019-07-04,767.6
2019-07-05,764.66
2019-07-06,
2019-07-07,
2019-07-08,766.43
2019-07-09,769.13
2019-07-10,772.2
2019-07-11,771.24
2019-07-12,769.14
2019-07-13,
2019-07-14,
2019-07-15,767.49
2019-07-16,
2019-07-17,764.92
2019-07-18,765.26
2019-07-19,769.27
2019-07-20,
2019-07-21,
2019-07-22,769.1
2019-07-23,771.79
2019-07-24,771.24
2019-07-25,770.15
2019-07-26,773.78
2019-07-27,
2019-07-28,
2019-07-29,775.14
2019-07-30,776.85
2019-07-31,780.79
2019-08-01,778.69
2019-08-02,781.12
2019-08-03,
2019-08-04,
2019-08-05,789.97
2019-08-06,808.45
2019-08-07,801.91
2019-08-08,806.09
2019-08-09,795.19
2019-08-10,
2019-08-11,
2019-08-12,797.8
2019-08-13,803.73
2019-08-14,791.47
2019-08-15,
2019-08-16,791.07
2019-08-17,
2019-08-18,
2019-08-19,787.1
2019-08-20,789.2
2019-08-21,788.89
2019-08-22,787.13
2019-08-23,790.8
2019-08-24,
2019-08-25,
2019-08-26,798.31
2019-08-27,797.99
2019-08-28,800.57
2019-08-29,802.62
2019-08-30,796.56
2019-08-31,
2019-09-01,
2019-09-02,790.39
2019-09-03,794.91
2019-09-04,796.15
2019-09-05,797.9
2019-09-06,791.96
2019-09-07,
2019-09-08,
2019-09-09,784.75
2019-09-10,789.08
2019-09-11,789.1
2019-09-12,786.51
2019-09-13,787.61
2019-09-14,
2019-09-15,
2019-09-16,783.2
2019-09-17,780.61
2019-09-18,
2019-09-19,
2019-09-20,
2019-09-21,
2019-09-22,
2019-09-23,791.98
2019-09-24,793.59
2019-09-25,795.15
2019-09-26,795.93
2019-09-27,793.8
2019-09-28,
2019-09-29,
2019-09-30,794.31
2019-10-01,793.86
2019-10-02,797.14
2019-10-03,797.68
2019-10-04,790.08
2019-10-05,
2019-10-06,
2019-10-07,785.95
2019-10-08,786.93
2019-10-09,791.02
2019-10-10,795.2
2019-10-11,793.54
2019-10-12,
2019-10-13,
2019-10-14,787.3
2019-10-15,785.4
2019-10-16,788.93
2019-10-17,795.89
2019-10-18,793.54
2019-10-19,
2019-10-20,
2019-10-21,792.0
2019-10-22,806.69
2019-10-23,809.0
2019-10-24,807.64
2019-10-25,803.63
2019-10-26,
2019-10-27,
2019-10-28,804.02
2019-10-29,804.23
2019-10-30,806.87
2019-10-31,
2019-11-01,
2019-11-02,
2019-11-03,
2019-11-04,817.54
2019-11-05,820.97
2019-11-06,825.69
2019-11-07,823.17
2019-11-08,817.66
2019-11-09,
2019-11-10,
2019-11-11,822.38
2019-11-12,834.53
2019-11-13,863.51
2019-11-14,873.95
2019-11-15,883.27
2019-11-16,
2019-11-17,
2019-11-18,865.09
2019-11-19,857.41
2019-11-20,867.36
2019-11-21,881.92
2019-11-22,879.68
2019-11-23,
2019-11-24,
2019-11-25,877.84
2019-11-26,871.03
2019-11-27,874.18
2019-11-28,887.21
2019-11-29,911.77
2019-11-30,
2019-12-01,
2019-12-02,895.01
2019-12-03,890.79
2019-12-04,889.62
2019-12-05,882.53
2019-12-06,871.1
2019-12-07,
2019-12-08,
2019-12-09,861.01
2019-12-10,853.2
2019-12-11,862.68
2019-12-12,857.38
2019-12-13,854.29
2019-12-14,
2019-12-15,
2019-12-16,852.9
2019-12-17,850.14
2019-12-18,844.15
2019-12-19,836.17
2019-12-20,837.25
2019-12-21,
2019-12-22,
2019-12-23,830.28
2019-12-24,836.5
2019-12-25,
2019-12-26,832.55
2019-12-27,829.07
2019-12-28,
2019-12-29,
2019-12-30,832.35
2019-12-31,
2020-01-01,
2020-01-02,839.58
2020-01-03,842.45
2020-01-04,
2020-01-05,
2020-01-06,847.38
2020-01-07,863.91
2020-01-08,861.61
2020-01-09,852.6
2020-01-10,849.66
2020-01-11,
2020-01-12,
2020-01-13,857.32
2020-01-14,866.28
2020-01-15,859.63
2020-01-16,861.62
2020-01-17,861.11
2020-01-18,
2020-01-19,
2020-01-20,855.47
2020-01-21,853.58
2020-01-22,854.59
2020-01-23,855.91
2020-01-24,852.88
2020-01-25,
2020-01-26,
2020-01-27,856.05
2020-01-28,867.78
2020-01-29,867.7
2020-01-30,867.08
2020-01-31,880.26
2020-02-01,
2020-02-02,
2020-02-03,885.44
2020-02-04,874.91
2020-02-05,863.27
2020-02-06,854.96
2020-02-07,855.42
2020-02-08,
2020-02-09,
2020-02-10,863.59
2020-02-11,868.67
2020-02-12,865.44
2020-02-13,857.53
2020-02-14,862.11
2020-02-15,
2020-02-16,
2020-02-17,859.05
2020-02-18,858.2
2020-02-19,861.14
2020-02-20,860.57
2020-02-21,869.05
2020-02-22,
2020-02-23,
2020-02-24,879.38
2020-02-25,880.08
2020-02-26,878.69
2020-02-27,882.78
2020-02-28,895.41
2020-02-29,
2020-03-01,
2020-03-02,900.24
2020-03-03,913.35
2020-03-04,903.81
2020-03-05,903.54
2020-03-06,921.62
2020-03-07,
2020-03-08,
2020-03-09,937.09
2020-03-10,964.19
2020-03-11,943.69
2020-03-12,942.55
2020-03-13,953.19
2020-03-14,
2020-03-15,
2020-03-16,928.28
2020-03-17,949.55
2020-03-18,938.42
2020-03-19,934.36
2020-03-20,928.86
2020-03-21,
2020-03-22,
2020-03-23,909.0
2020-03-24,927.68
2020-03-25,912.56
2020-03-26,916.75
2020-03-27,922.69
2020-03-28,
2020-03-29,
2020-03-30,925.05
2020-03-31,932.56
2020-04-01,934.55
2020-04-02,942.3
2020-04-03,934.2
2020-04-04,
2020-04-05,
2020-04-06,932.53
2020-04-07,922.05
2020-04-08,918.07
2020-04-09,925.98
2020-04-10,
2020-04-11,
2020-04-12,
2020-04-13,918.68
2020-04-14,922.12
2020-04-15,931.74
2020-04-16,939.44
2020-04-17,924.44
2020-04-18,
2020-04-19,
2020-04-20,923.42
2020-04-21,929.88
2020-04-22,935.7
2020-04-23,926.36
2020-04-24,925.81
2020-04-25,
2020-04-26,
2020-04-27,928.27
2020-04-28,927.83
2020-04-29,921.55
2020-04-30,909.96
2020-05-01,
2020-05-02,
2020-05-03,
2020-05-04,917.56
2020-05-05,914.36
2020-05-06,904.18
2020-05-07,906.72
2020-05-08,905.25
2020-05-09,
2020-05-10,
2020-05-11,897.57
2020-05-12,892.54
2020-05-13,892.18
2020-05-14,887.47
2020-05-15,887.35
2020-05-16,
2020-05-17,
2020-05-18,890.76
2020-05-19,895.42
2020-05-20,897.13
2020-05-21,
2020-05-22,885.71
2020-05-23,
2020-05-24,
2020-05-25,878.2
2020-05-26,875.72
2020-05-27,881.23
2020-05-28,896.92
2020-05-29,900.84
2020-05-30,
2020-05-31,
2020-06-01,894.62
2020-06-02,885.94
2020-06-03,874.22
2020-06-04,864.0
2020-06-05,880.74
2020-06-06,
2020-06-07,
2020-06-08,863.88
2020-06-09,869.52
2020-06-10,875.73
2020-06-11,876.03
2020-06-12,888.42
2020-06-13,
2020-06-14,
2020-06-15,887.86
2020-06-16,902.76
2020-06-17,877.76
2020-06-18,897.02
2020-06-19,909.81
2020-06-20,
2020-06-21,
2020-06-22,913.73
2020-06-23,918.63
2020-06-24,925.23
2020-06-25,923.88
2020-06-26,912.43
2020-06-27,
2020-06-28,
2020-06-29,
2020-06-30,916.33
2020-07-01,922.73
2020-07-02,918.83
2020-07-03,903.15
2020-07-04,
2020-07-05,
2020-07-06,901.12
2020-07-07,903.61
2020-07-08,896.53
2020-07-09,891.16
2020-07-10,882.92
2020-07-11,
2020-07-12,
2020-07-13,893.68
2020-07-14,895.3
2020-07-15,898.16
2020-07-16,
2020-07-17,898.25
2020-07-18,
2020-07-19,
2020-07-20,900.55
2020-07-21,898.95
2020-07-22,896.75
2020-07-23,889.6
2020-07-24,890.19
2020-07-25,
2020-07-26,
2020-07-27,895.11
2020-07-28,904.06
2020-07-29,900.04
2020-07-30,894.84
2020-07-31,892.52
2020-08-01,
2020-08-02,
2020-08-03,892.23
2020-08-04,894.75
2020-08-05,904.57
2020-08-06,919.12
2020-08-07,922.36
2020-08-08,
2020-08-09,
2020-08-10,924.2
2020-08-11,935.83
2020-08-12,932.89
2020-08-13,934.78
2020-08-14,936.07
2020-08-15,
2020-08-16,
2020-08-17,943.32
2020-08-18,953.02
2020-08-19,949.93
2020-08-20,929.54
2020-08-21,931.75
2020-08-22,
2020-08-23,
2020-08-24,932.09
2020-08-25,927.42
2020-08-26,927.78
2020-08-27,930.26
2020-08-28,927.36
2020-08-29,
2020-08-30,
2020-08-31,927.48
2020-09-01,926.9
2020-09-02,918.24
2020-09-03,912.63
2020-09-04,917.04
2020-09-05,
2020-09-06,
2020-09-07,916.56
2020-09-08,913.78
2020-09-09,916.18
2020-09-10,906.15
2020-09-11,907.25
2020-09-12,
2020-09-13,
2020-09-14,909.06
2020-09-15,909.64
2020-09-16,900.38
2020-09-17,900.7
2020-09-18,
2020-09-19,
2020-09-20,
2020-09-21,903.8
2020-09-22,908.46
2020-09-23,906.04
2020-09-24,912.58
2020-09-25,920.05
2020-09-26,
2020-09-27,
2020-09-28,914.87
2020-09-29,914.4
2020-09-30,920.73
2020-10-01,923.11
2020-10-02,922.06
2020-10-03,
2020-10-04,
2020-10-05,926.77
2020-10-06,935.84
2020-10-07,939.05
2020-10-08,935.9
2020-10-09,937.06
2020-10-10,
2020-10-11,
2020-10-12,
2020-10-13,940.85
2020-10-14,936.0
2020-10-15,938.38
2020-10-16,938.35
2020-10-17,
2020-10-18,
2020-10-19,932.47
2020-10-20,928.69
2020-10-21,930.96
2020-10-22,930.76
2020-10-23,923.98
2020-10-24,
2020-10-25,
2020-10-26,922.02
2020-10-27,921.26
2020-10-28,913.13
2020-10-29,911.03
2020-10-30,897.65
2020-10-31,
2020-11-01,
2020-11-02,898.84
2020-11-03,894.38
2020-11-04,889.25
2020-11-05,887.54
2020-11-06,887.01
2020-11-07,
2020-11-08,
2020-11-09,902.15
2020-11-10,890.85
2020-11-11,898.88
2020-11-12,891.61
2020-11-13,894.25
2020-11-14,
2020-11-15,
2020-11-16,906.8
2020-11-17,909.25
2020-11-18,909.69
2020-11-19,899.61
2020-11-20,898.84
2020-11-21,
2020-11-22,
2020-11-23,902.52
2020-11-24,906.25
2020-11-25,917.31
2020-11-26,919.43
2020-11-27,912.34
2020-11-28,
2020-11-29,
2020-11-30,916.33
2020-12-01,916.39
2020-12-02,915.41
2020-12-03,913.68
2020-12-04,913.43
2020-12-05,
2020-12-06,
2020-12-07,908.18
2020-12-08,
2020-12-09,903.69
2020-12-10,891.87
2020-12-11,894.86
2020-12-12,
2020-12-13,
2020-12-14,888.72
2020-12-15,889.35
2020-12-16,892.03
2020-12-17,894.71
2020-12-18,887.11
2020-12-19,
2020-12-20,
2020-12-21,885.88
2020-12-22,893.82
2020-12-23,887.46
2020-12-24,873.16
2020-12-25,
2020-12-26,
2020-12-27,
2020-12-28,865.64
2020-12-29,868.01
2020-12-30,870.66
2020-12-31,
2021-01-01,
2021-01-02,
2021-01-03,
2021-01-04,873.3
2021-01-05,861.65
2021-01-06,863.72
2021-01-07,856.2
2021-01-08,870.41
2021-01-09,
2021-01-10,
2021-01-11,872.19
2021-01-12,874.77
2021-01-13,882.82
2021-01-14,899.03
2021-01-15,893.72
2021-01-16,
2021-01-17,
2021-01-18,888.72
2021-01-19,888.59
2021-01-20,889.37
2021-01-21,884.45
2021-01-22,868.93
2021-01-23,
2021-01-24,
2021-01-25,881.31
2021-01-26,888.58
2021-01-27,888.54
2021-01-28,891.89
2021-01-29,898.78
2021-01-30,
2021-01-31,
2021-02-01,891.42
2021-02-02,883.01
2021-02-03,883.03
2021-02-04,878.46
2021-02-05,882.07
2021-02-06,
2021-02-07,
2021-02-08,886.68
2021-02-09,885.63
2021-02-10,887.35
2021-02-11,884.48
2021-02-12,876.1
2021-02-13,
2021-02-14,
2021-02-15,878.37
2021-02-16,871.69
2021-02-17,868.71
2021-02-18,866.79
2021-02-19,860.28
2021-02-20,
2021-02-21,
2021-02-22,857.63
2021-02-23,863.32
2021-02-24,858.55
2021-02-25,854.67
2021-02-26,865.89
2021-02-27,
2021-02-28,
2021-03-01,869.67
2021-03-02,869.23
2021-03-03,877.71
2021-03-04,882.47
2021-03-05,875.54
2021-03-06,
2021-03-07,
2021-03-08,873.17
2021-03-09,875.47
2021-03-10,871.67
2021-03-11,867.73
2021-03-12,860.05
2021-03-13,
2021-03-14,
2021-03-15,858.68
2021-03-16,860.56
2021-03-17,861.48
2021-03-18,870.36
2021-03-19,864.46
2021-03-20,
2021-03-21,
2021-03-22,854.71
2021-03-23,855.78
2021-03-24,854.83
2021-03-25,855.53
2021-03-26,860.19
2021-03-27,
2021-03-28,
2021-03-29,860.26
2021-03-30,867.0
2021-03-31,857.77
2021-04-01,847.6
2021-04-02,
2021-04-03,
2021-04-04,
2021-04-05,844.66
2021-04-06,847.88
2021-04-07,852.22
2021-04-08,848.13
2021-04-09,843.87
2021-04-10,
2021-04-11,
2021-04-12,846.6
2021-04-13,844.76
2021-04-14,846.63
2021-04-15,847.01
2021-04-16,840.59
2021-04-17,
2021-04-18,
2021-04-19,840.08
2021-04-20,843.62
2021-04-21,838.47
2021-04-22,838.0
2021-04-23,846.53
2021-04-24,
2021-04-25,
2021-04-26,861.39
2021-04-27,854.75
2021-04-28,848.47
2021-04-29,847.33
2021-04-30,854.34
2021-05-01,
2021-05-02,
2021-05-03,855.15
2021-05-04,852.18
2021-05-05,847.76
2021-05-06,843.64
2021-05-07,845.51
2021-05-08,
2021-05-09,
2021-05-10,844.44
2021-05-11,842.63
2021-05-12,850.6
2021-05-13,854.3
2021-05-14,855.54
2021-05-15,
2021-05-16,
2021-05-17,853.67
2021-05-18,870.05
2021-05-19,872.62
2021-05-20,871.59
2021-05-21,
2021-05-22,
2021-05-23,
2021-05-24,875.27
2021-05-25,887.89
2021-05-26,900.21
2021-05-27,893.14
2021-05-28,891.2
2021-05-29,
2021-05-30,
2021-05-31,884.16
2021-06-01,882.99
2021-06-02,882.49
2021-06-03,879.66
2021-06-04,872.75
2021-06-05,
2021-06-06,
2021-06-07,872.2
2021-06-08,873.35
2021-06-09,874.32
2021-06-10,875.74
2021-06-11,877.49
2021-06-12,
2021-06-13,
2021-06-14,871.48
2021-06-15,871.51
2021-06-16,879.24
2021-06-17,874.6
2021-06-18,876.76
2021-06-19,
2021-06-20,
2021-06-21,
2021-06-22,885.77
2021-06-23,895.05
2021-06-24,877.03
2021-06-25,872.23
2021-06-26,
2021-06-27,
2021-06-28,
2021-06-29,873.39
2021-06-30,875.23
2021-07-01,862.27
2021-07-02,873.85
2021-07-03,
2021-07-04,
2021-07-05,872.47
2021-07-06,871.9
2021-07-07,878.86
2021-07-08,887.29
2021-07-09,892.02
2021-07-10,
2021-07-11,
2021-07-12,889.09
2021-07-13,882.26
2021-07-14,879.96
2021-07-15,884.91
2021-07-16,
2021-07-17,
2021-07-18,
2021-07-19,890.19
2021-07-20,896.41
2021-07-21,894.34
2021-07-22,890.98
2021-07-23,883.83
2021-07-24,
2021-07-25,
2021-07-26,892.7
2021-07-27,902.26
2021-07-28,900.2
2021-07-29,906.11
2021-07-30,901.83
2021-07-31,
2021-08-01,
2021-08-02,901.24
2021-08-03,904.05
2021-08-04,918.79
2021-08-05,918.02
2021-08-06,919.38
2021-08-07,
2021-08-08,
2021-08-09,922.62
2021-08-10,924.94
2021-08-11,914.51
2021-08-12,907.71
2021-08-13,906.7
2021-08-14,
2021-08-15,
2021-08-16,913.35
2021-08-17,923.54
2021-08-18,924.83
2021-08-19,923.46
2021-08-20,922.44
2021-08-21,
2021-08-22,
2021-08-23,919.69
2021-08-24,920.01
2021-08-25,919.23
2021-08-26,921.75
2021-08-27,922.62
2021-08-28,
2021-08-29,
2021-08-30,925.21
2021-08-31,920.21
2021-09-01,915.48
2021-09-02,908.67
2021-09-03,912.11
2021-09-04,
2021-09-05,
2021-09-06,911.45
2021-09-07,914.23
2021-09-08,921.4
2021-09-09,931.19
2021-09-10,936.2
2021-09-11,
2021-09-12,
2021-09-13,933.15
2021-09-14,925.82
2021-09-15,925.94
2021-09-16,923.19
2021-09-17,
2021-09-18,
2021-09-19,
2021-09-20,917.69
2021-09-21,924.18
2021-09-22,920.51
2021-09-23,920.64
2021-09-24,924.64
2021-09-25,
2021-09-26,
2021-09-27,924.51
2021-09-28,930.93
2021-09-29,932.98
2021-09-30,932.24
2021-10-01,939.48
2021-10-02,
2021-10-03,
2021-10-04,932.38
2021-10-05,936.32
2021-10-06,940.62
2021-10-07,942.59
2021-10-08,940.82
2021-10-09,
2021-10-10,
2021-10-11,
2021-10-12,948.29
2021-10-13,953.74
2021-10-14,950.39
2021-10-15,946.59
2021-10-16,
2021-10-17,
2021-10-18,958.12
2021-10-19,952.72
2021-10-20,946.83
2021-10-21,945.64
2021-10-22,951.48
2021-10-23,
2021-10-24,
2021-10-25,949.4
2021-10-26,940.73
2021-10-27,935.02
2021-10-28,933.84
2021-10-29,940.97
2021-10-30,
2021-10-31,
2021-11-01,
2021-11-02,937.03
2021-11-03,943.05
2021-11-04,944.33
2021-11-05,941.78
2021-11-06,
2021-11-07,
2021-11-08,939.19
2021-11-09,934.87
2021-11-10,924.53
2021-11-11,911.27
2021-11-12,906.73
2021-11-13,
2021-11-14,
2021-11-15,913.02
2021-11-16,913.39
2021-11-17,912.66
2021-11-18,927.52
2021-11-19,949.13
2021-11-20,
2021-11-21,
2021-11-22,942.31
2021-11-23,909.56
2021-11-24,912.2
2021-11-25,908.45
2021-11-26,918.41
2021-11-27,
2021-11-28,
2021-11-29,937.57
2021-11-30,942.69
2021-12-01,946.38
2021-12-02,937.69
2021-12-03,946.47
2021-12-04,
2021-12-05,
2021-12-06,947.29
2021-12-07,950.06
2021-12-08,
2021-12-09,944.14
2021-12-10,949.89
2021-12-11,
2021-12-12,
2021-12-13,961.02
2021-12-14,953.46
2021-12-15,954.15
2021-12-16,955.76
2021-12-17,961.25
2021-12-18,
2021-12-19,
2021-12-20,954.18
2021-12-21,973.73
2021-12-22,978.99
2021-12-23,981.25
2021-12-24,971.26
2021-12-25,
2021-12-26,
2021-12-27,976.24
2021-12-28,972.36
2021-12-29,968.81
2021-12-30,964.44
2021-12-31,
2022-01-01,
2022-01-02,
2022-01-03,955.64
2022-01-04,960.44
2022-01-05,961.88
2022-01-06,954.45
2022-01-07,948.53
2022-01-08,
2022-01-09,
2022-01-10,944.34
2022-01-11,942.08
2022-01-12,945.6
2022-01-13,945.34
2022-01-14,942.08
2022-01-15,
2022-01-16,
2022-01-17,930.07
2022-01-18,938.03
2022-01-19,929.54
2022-01-20,923.02
2022-01-21,912.46
2022-01-22,
2022-01-23,
2022-01-24,906.88
2022-01-25,906.05
2022-01-26,909.57
2022-01-27,901.65
2022-01-28,890.81
2022-01-29,
2022-01-30,
2022-01-31,903.85
2022-02-01,901.51
2022-02-02,901.19
2022-02-03,911.3
2022-02-04,934.47
2022-02-05,
2022-02-06,
2022-02-07,946.01
2022-02-08,944.42
2022-02-09,941.66
2022-02-10,938.69
2022-02-11,922.46
2022-02-12,
2022-02-13,
2022-02-14,919.0
2022-02-15,918.41
2022-02-16,912.59
2022-02-17,909.72
2022-02-18,908.04
2022-02-19,
2022-02-20,
2022-02-21,898.49
2022-02-22,907.43
2022-02-23,902.27
2022-02-24,890.63
2022-02-25,902.07
2022-02-26,
2022-02-27,
2022-02-28,905.69
2022-03-01,894.23
2022-03-02,892.13
2022-03-03,894.53
2022-03-04,884.56
2022-03-05,
2022-03-06,
2022-03-07,881.17
2022-03-08,879.39
2022-03-09,887.76
2022-03-10,889.79
2022-03-11,886.92
2022-03-12,
2022-03-13,
2022-03-14,876.07
2022-03-15,886.71
2022-03-16,891.91
2022-03-17,883.41
2022-03-18,888.09
2022-03-19,
2022-03-20,
2022-03-21,886.93
2022-03-22,880.86
2022-03-23,874.55
2022-03-24,874.16
2022-03-25,868.18
2022-03-26,
2022-03-27,
2022-03-28,863.52
2022-03-29,856.19
2022-03-30,860.96
2022-03-31,878.04
2022-04-01,873.69
2022-04-02,
2022-04-03,
2022-04-04,864.54
2022-04-05,854.53
2022-04-06,854.46
2022-04-07,865.08
2022-04-08,879.28
2022-04-09,
2022-04-10,
2022-04-11,885.47
2022-04-12,891.35
2022-04-13,873.37
2022-04-14,875.81
2022-04-15,
2022-04-16,
2022-04-17,
2022-04-18,882.12
2022-04-19,881.81
2022-04-20,882.52
2022-04-21,885.73
2022-04-22,886.37
2022-04-23,
2022-04-24,
2022-04-25,900.45
2022-04-26,911.85
2022-04-27,901.77
2022-04-28,894.96
2022-04-29,900.05
2022-04-30,
2022-05-01,
2022-05-02,899.06
2022-05-03,903.46
2022-05-04,901.26
2022-05-05,905.42
2022-05-06,907.0
2022-05-07,
2022-05-08,
2022-05-09,904.81
2022-05-10,916.05
2022-05-11,913.94
2022-05-12,907.4
2022-05-13,899.78
2022-05-14,
2022-05-15,
2022-05-16,895.52
2022-05-17,895.03
2022-05-18,895.56
2022-05-19,890.97
2022-05-20,892.73
2022-05-21,
2022-05-22,
2022-05-23,878.19
2022-05-24,886.31
2022-05-25,894.74
2022-05-26,891.98
2022-05-27,889.47
2022-05-28,
2022-05-29,
2022-05-30,881.67
2022-05-31,890.85
2022-06-01,885.54
2022-06-02,879.08
2022-06-03,876.29
2022-06-04,
2022-06-05,
2022-06-06,871.88
2022-06-07,874.48
2022-06-08,887.95
2022-06-09,880.29
2022-06-10,879.05
2022-06-11,
2022-06-12,
2022-06-13,882.1
2022-06-14,900.24
2022-06-15,903.47
2022-06-16,896.68
2022-06-17,918.97
2022-06-18,
2022-06-19,
2022-06-20,918.84
2022-06-21,
2022-06-22,925.33
2022-06-23,937.65
2022-06-24,945.21
2022-06-25,
2022-06-26,
2022-06-27,
2022-06-28,961.69
2022-06-29,953.07
2022-06-30,960.9
2022-07-01,976.72
2022-07-02,
2022-07-03,
2022-07-04,974.29
2022-07-05,966.88
2022-07-06,973.63
2022-07-07,990.49
2022-07-08,975.6
2022-07-09,
2022-07-10,
2022-07-11,983.06
2022-07-12,996.43
2022-07-13,1014.08
2022-07-14,1017.28
2022-07-15,1045.79
2022-07-16,
2022-07-17,
2022-07-18,995.49
2022-07-19,955.42
2022-07-20,951.04
2022-07-21,935.46
2022-07-22,945.94
2022-07-23,
2022-07-24,
2022-07-25,951.67
2022-07-26,962.0
2022-07-27,933.33
2022-07-28,930.92
2022-07-29,926.24
2022-07-30,
2022-07-31,
2022-08-01,924.04
2022-08-02,915.62
2022-08-03,913.76
2022-08-04,922.21
2022-08-05,926.33
2022-08-06,
2022-08-07,
2022-08-08,931.06
2022-08-09,923.48
2022-08-10,919.26
2022-08-11,916.6
2022-08-12,909.99
2022-08-13,
2022-08-14,
2022-08-15,
2022-08-16,905.73
2022-08-17,897.91
2022-08-18,913.2
2022-08-19,926.17
2022-08-20,
2022-08-21,
2022-08-22,949.53
2022-08-23,939.18
2022-08-24,923.34
2022-08-25,912.13
2022-08-26,907.31
2022-08-27,
2022-08-28,
2022-08-29,897.17
2022-08-30,890.63
2022-08-31,884.76
2022-09-01,902.46
2022-09-02,894.31
2022-09-03,
2022-09-04,
2022-09-05,882.34
2022-09-06,860.34
2022-09-07,879.89
2022-09-08,885.45
2022-09-09,880.78
2022-09-10,
2022-09-11,
2022-09-12,888.97
2022-09-13,910.71
2022-09-14,910.27
2022-09-15,916.65
2022-09-16,
2022-09-17,
2022-09-18,
2022-09-19,
2022-09-20,923.34
2022-09-21,924.92
2022-09-22,926.5
2022-09-23,928.58
2022-09-24,
2022-09-25,
2022-09-26,936.8
2022-09-27,948.29
2022-09-28,941.59
2022-09-29,945.42
2022-09-30,945.21
2022-10-01,
2022-10-02,
2022-10-03,939.85
2022-10-04,936.14
2022-10-05,928.06
2022-10-06,930.67
2022-10-07,925.96
2022-10-08,
2022-10-09,
2022-10-10,
2022-10-11,922.82
2022-10-12,910.75
2022-10-13,904.12
2022-10-14,925.59
2022-10-15,
2022-10-16,
2022-10-17,924.47
2022-10-18,952.3
2022-10-19,957.57
2022-10-20,955.7
2022-10-21,951.25
2022-10-22,
2022-10-23,
2022-10-24,962.7
2022-10-25,971.38
2022-10-26,967.06
2022-10-27,959.62
2022-10-28,943.61
2022-10-29,
2022-10-30,
2022-10-31,
2022-11-01,
2022-11-02,931.04
2022-11-03,925.94
2022-11-04,924.97
2022-11-05,
2022-11-06,
2022-11-07,924.7
2022-11-08,921.79
2022-11-09,914.94
2022-11-10,907.41
2022-11-11,906.87
2022-11-12,
2022-11-13,
2022-11-14,916.89
2022-11-15,929.68
2022-11-16,922.63
2022-11-17,930.77
2022-11-18,952.48
2022-11-19,
2022-11-20,
2022-11-21,960.81
2022-11-22,968.86
2022-11-23,961.24
2022-11-24,958.27
2022-11-25,948.77
2022-11-26,
2022-11-27,
2022-11-28,952.78
2022-11-29,950.88
2022-11-30,936.12
2022-12-01,924.02
2022-12-02,930.24
2022-12-03,
2022-12-04,
2022-12-05,928.58
2022-12-06,931.34
2022-12-07,927.89
2022-12-08,
2022-12-09,924.04
2022-12-10,
2022-12-11,
2022-12-12,907.71
2022-12-13,905.49
2022-12-14,911.48
2022-12-15,919.78
2022-12-16,929.17
2022-12-17,
2022-12-18,
2022-12-19,940.54
2022-12-20,943.56
2022-12-21,944.93
2022-12-22,931.95
2022-12-23,917.57
2022-12-24,
2022-12-25,
2022-12-26,930.86
2022-12-27,934.31
2022-12-28,932.81
2022-12-29,910.57
2022-12-30,916.91
2022-12-31,
2023-01-01,
2023-01-02,
2023-01-03,915.95
2023-01-04,898.88
2023-01-05,907.17
2023-01-06,901.28
2023-01-07,
2023-01-08,
2023-01-09,898.97
2023-01-10,899.43
2023-01-11,895.52
2023-01-12,886.77
2023-01-13,890.73
2023-01-14,
2023-01-15,
2023-01-16,892.23
2023-01-17,888.78
2023-01-18,884.96
2023-01-19,876.81
2023-01-20,896.52
2023-01-21,
2023-01-22,
2023-01-23,890.19
2023-01-24,884.04
2023-01-25,876.44
2023-01-26,875.66
2023-01-27,871.52
2023-01-28,
2023-01-29,
2023-01-30,872.41
2023-01-31,880.07
2023-02-01,873.08
2023-02-02,864.13
2023-02-03,853.62
2023-02-04,
2023-02-05,
2023-02-06,854.23
2023-02-07,862.49
2023-02-08,855.22
2023-02-09,851.52
2023-02-10,856.66
2023-02-11,
2023-02-12,
2023-02-13,854.53
2023-02-14,850.98
2023-02-15,846.46
2023-02-16,845.37
2023-02-17,848.76
2023-02-18,
2023-02-19,
2023-02-20,846.87
2023-02-21,846.1
2023-02-22,850.03
2023-02-23,849.63
2023-02-24,849.57
2023-02-25,
2023-02-26,
2023-02-27,863.85
2023-02-28,880.64
2023-03-01,879.86
2023-03-02,869.68
2023-03-03,862.52
2023-03-04,
2023-03-05,
2023-03-06,859.08
2023-03-07,858.0
2023-03-08,844.46
2023-03-09,846.65
2023-03-10,847.04
2023-03-11,
2023-03-12,
2023-03-13,850.06
2023-03-14,862.85
2023-03-15,859.04
2023-03-16,862.99
2023-03-17,874.87
2023-03-18,
2023-03-19,
2023-03-20,886.31
2023-03-21,885.98
2023-03-22,884.34
2023-03-23,883.81
2023-03-24,875.35
2023-03-25,
2023-03-26,
2023-03-27,873.4
2023-03-28,870.38
2023-03-29,866.95
2023-03-30,858.45
2023-03-31,859.92
2023-04-01,
2023-04-02,
2023-04-03,858.02
2023-04-04,873.23
2023-04-05,887.5
2023-04-06,883.27
2023-04-07,
2023-04-08,
2023-04-09,
2023-04-10,890.41
2023-04-11,891.76
2023-04-12,885.32
2023-04-13,882.88
2023-04-14,879.35
2023-04-15,
2023-04-16,
2023-04-17,876.42
2023-04-18,875.22
2023-04-19,872.44
2023-04-20,873.16
2023-04-21,868.12
2023-04-22,
2023-04-23,
2023-04-24,874.1
2023-04-25,899.98
2023-04-26,892.83
2023-04-27,888.65
2023-04-28,883.61
2023-04-29,
2023-04-30,
2023-05-01,
2023-05-02,885.28
2023-05-03,889.62
2023-05-04,891.53
2023-05-05,881.85
2023-05-06,
2023-05-07,
2023-05-08,876.44
2023-05-09,873.44
2023-05-10,869.12
2023-05-11,864.96
2023-05-12,869.22
2023-05-13,
2023-05-14,
2023-05-15,854.04
2023-05-16,851.84
2023-05-17,863.33
2023-05-18,864.22
2023-05-19,857.06
2023-05-20,
2023-05-21,
2023-05-22,861.81
2023-05-23,865.69
2023-05-24,864.0
2023-05-25,870.49
2023-05-26,867.82
2023-05-27,
2023-05-28,
2023-05-29,862.69
2023-05-30,859.19
2023-05-31,861.67
2023-06-01,866.18
2023-06-02,866.09
2023-06-03,
2023-06-04,
2023-06-05,854.63
2023-06-06,854.66
2023-06-07,852.98
2023-06-08,849.09
2023-06-09,852.38
2023-06-10,
2023-06-11,
2023-06-12,846.09
2023-06-13,867.66
2023-06-14,867.63
2023-06-15,866.02
2023-06-16,872.34
2023-06-17,
2023-06-18,
2023-06-19,868.0
2023-06-20,868.69
2023-06-21,
2023-06-22,875.25
2023-06-23,882.02
2023-06-24,
2023-06-25,
2023-06-26,
2023-06-27,880.31
2023-06-28,877.17
2023-06-29,874.62
2023-06-30,872.48
2023-07-01,
2023-07-02,
2023-07-03,874.79
2023-07-04,872.02
2023-07-05,867.52
2023-07-06,866.21
2023-07-07,875.3
2023-07-08,
2023-07-09,
2023-07-10,884.54
2023-07-11,892.78
2023-07-12,898.55
2023-07-13,903.18
2023-07-14,907.02
2023-07-15,
2023-07-16,
2023-07-17,913.77
2023-07-18,922.62
2023-07-19,915.35
2023-07-20,908.66
2023-07-21,898.65
2023-07-22,
2023-07-23,
2023-07-24,914.5
2023-07-25,915.74
2023-07-26,915.2
2023-07-27,914.81
2023-07-28,907.5
2023-07-29,
2023-07-30,
2023-07-31,912.42
2023-08-01,924.95
2023-08-02,924.77
2023-08-03,927.84
2023-08-04,934.85
2023-08-05,
2023-08-06,
2023-08-07,934.78
2023-08-08,942.32
2023-08-09,945.79
2023-08-10,942.57
2023-08-11,935.73
2023-08-12,
2023-08-13,
2023-08-14,934.2
2023-08-15,
2023-08-16,937.4
2023-08-17,936.17
2023-08-18,939.1
2023-08-19,
2023-08-20,
2023-08-21,944.04
2023-08-22,947.69
2023-08-23,940.93
2023-08-24,934.92
2023-08-25,924.28
2023-08-26,
2023-08-27,
2023-08-28,911.04
2023-08-29,917.49
2023-08-30,931.96
2023-08-31,932.76
2023-09-01,926.4
2023-09-02,
2023-09-03,
2023-09-04,916.86
2023-09-05,922.92
2023-09-06,932.82
2023-09-07,936.31
2023-09-08,941.74
2023-09-09,
2023-09-10,
2023-09-11,955.76
2023-09-12,957.35
2023-09-13,962.53
2023-09-14,954.38
2023-09-15,942.58
2023-09-16,
2023-09-17,
2023-09-18,
2023-09-19,
2023-09-20,947.49
2023-09-21,946.38
2023-09-22,950.87
2023-09-23,
2023-09-24,
2023-09-25,947.48
2023-09-26,953.54
2023-09-27,955.93
2023-09-28,949.63
2023-09-29,957.29
2023-09-30,
2023-10-01,
2023-10-02,946.62
2023-10-03,947.16
2023-10-04,957.18
2023-10-05,959.51
2023-10-06,966.43
2023-10-07,
2023-10-08,
2023-10-09,
2023-10-10,973.14
2023-10-11,983.0
2023-10-12,980.09
2023-10-13,983.72
2023-10-14,
2023-10-15,
2023-10-16,989.64
2023-10-17,994.62
2023-10-18,999.9
2023-10-19,988.51
2023-10-20,996.57
2023-10-21,
2023-10-22,
2023-10-23,998.43
2023-10-24,1000.92
2023-10-25,983.85
2023-10-26,975.57
2023-10-27,
2023-10-28,
2023-10-29,
2023-10-30,978.82
2023-10-31,965.71
2023-11-01,
2023-11-02,950.88
2023-11-03,945.22
2023-11-04,
2023-11-05,
2023-11-06,946.21
2023-11-07,944.68
2023-11-08,946.37
2023-11-09,959.31
2023-11-10,966.59
2023-11-11,
2023-11-12,
2023-11-13,978.21
2023-11-14,986.04
2023-11-15,985.73
2023-11-16,965.91
2023-11-17,956.55
2023-11-18,
2023-11-19,
2023-11-20,962.73
2023-11-21,961.8
2023-11-22,954.34
2023-11-23,951.56
2023-11-24,950.24
2023-11-25,
2023-11-26,
2023-11-27,955.59
2023-11-28,953.46
2023-11-29,956.3
2023-11-30,952.44
2023-12-01,947.65
2023-12-02,
2023-12-03,
2023-12-04,938.61
2023-12-05,933.09
2023-12-06,943.5
2023-12-07,943.18
2023-12-08,
2023-12-09,
2023-12-10,
2023-12-11,937.68
2023-12-12,945.83
2023-12-13,950.07
2023-12-14,946.02
2023-12-15,953.21
2023-12-16,
2023-12-17,
2023-12-18,952.09
2023-12-19,956.29
2023-12-20,947.46
2023-12-21,951.76
2023-12-22,958.97
2023-12-23,
2023-12-24,
2023-12-25,
2023-12-26,973.24
2023-12-27,988.38
2023-12-28,984.6
2023-12-29,979.4
2023-12-30,
2023-12-31,
2024-01-01,
2024-01-02,970.05
2024-01-03,964.76
2024-01-04,964.65
2024-01-05,968.52
2024-01-06,
2024-01-07,
2024-01-08,977.74
2024-01-09,988.6
2024-01-10,1000.23
2024-01-11,1007.75
2024-01-12,997.56
2024-01-13,
2024-01-14,
2024-01-15,995.15
2024-01-16,998.6
2024-01-17,1002.24
2024-01-18,1006.81
2024-01-19,997.42
2024-01-20,
2024-01-21,
2024-01-22,991.54
2024-01-23,986.74
2024-01-24,984.26
2024-01-25,990.42
2024-01-26,987.29
2024-01-27,
2024-01-28,
2024-01-29,995.18
2024-01-30,1002.95
2024-01-31,1011.12
2024-02-01,1011.35
2024-02-02,1017.18
2024-02-03,
2024-02-04,
2024-02-05,1018.06
2024-02-06,1026.34
2024-02-07,1021.08
2024-02-08,1020.23
2024-02-09,1031.95
2024-02-10,
2024-02-11,
2024-02-12,1044.57
2024-02-13,1047.76
2024-02-14,1041.22
2024-02-15,1030.0
2024-02-16,1035.01
2024-02-17,
2024-02-18,
2024-02-19,1043.55
2024-02-20,1040.97
2024-02-21,1041.82
2024-02-22,1045.97
2024-02-23,1052.44
2024-02-24,
2024-02-25,
2024-02-26,1064.91
2024-02-27,1070.57
2024-02-28,1068.4
2024-02-29,1062.54
2024-03-01,1047.53
2024-03-02,
2024-03-03,
2024-03-04,1047.14
2024-03-05,1055.4
2024-03-06,1060.34
2024-03-07,1070.19
2024-03-08,1075.9
2024-03-09,
2024-03-10,
2024-03-11,1055.74
2024-03-12,1055.82
2024-03-13,1053.81
2024-03-14,1039.64
2024-03-15,1029.24
2024-03-16,
2024-03-17,
2024-03-18,1024.73
2024-03-19,1027.41
2024-03-20,1045.04
2024-03-21,1060.2
2024-03-22,1054.99
2024-03-23,
2024-03-24,
2024-03-25,1059.26
2024-03-26,1059.44
2024-03-27,1063.38
2024-03-28,1062.84
2024-03-29,
2024-03-30,
2024-03-31,
2024-04-01,1060.05
2024-04-02,1055.3
2024-04-03,1055.08
2024-04-04,1042.93
2024-04-05,1023.81
2024-04-06,
2024-04-07,
2024-04-08,1028.19
2024-04-09,1028.03
2024-04-10,1020.74
2024-04-11,1024.4
2024-04-12,1026.86
2024-04-13,
2024-04-14,
2024-04-15,1026.71
2024-04-16,1039.39
2024-04-17,1046.7
2024-04-18,1040.52
2024-04-19,1031.02
2024-04-20,
2024-04-21,
2024-04-22,1018.55
2024-04-23,1016.47
2024-04-24,1017.85
2024-04-25,1020.61
2024-04-26,1017.6
2024-04-27,
2024-04-28,
2024-04-29,1014.0
2024-04-30,1011.6
2024-05-01,
2024-05-02,1019.06
2024-05-03,1023.44
2024-05-04,
2024-05-05,
2024-05-06,1010.22
2024-05-07,1002.12
2024-05-08,1004.5
2024-05-09,1006.4
2024-05-10,1003.44
2024-05-11,
2024-05-12,
2024-05-13,993.11
2024-05-14,994.93
2024-05-15,992.07
2024-05-16,988.65
2024-05-17,979.82
2024-05-18,
2024-05-19,
2024-05-20,975.54
2024-05-21,
2024-05-22,963.38
2024-05-23,979.19
2024-05-24,982.33
2024-05-25,
2024-05-26,
2024-05-27,979.9
2024-05-28,977.5
2024-05-29,975.27
2024-05-30,981.16
2024-05-31,994.78
2024-06-01,
2024-06-02,
2024-06-03,994.33
2024-06-04,989.04
2024-06-05,985.28
2024-06-06,985.16
2024-06-07,991.45
2024-06-08,
2024-06-09,
2024-06-10,990.54
2024-06-11,993.37
2024-06-12,992.89
2024-06-13,990.22
2024-06-14,987.42
2024-06-15,
2024-06-16,
2024-06-17,993.12
2024-06-18,1007.6
2024-06-19,1003.66
2024-06-20,
2024-06-21,996.8
2024-06-22,
2024-06-23,
2024-06-24,1002.5
2024-06-25,1010.65
2024-06-26,1009.76
2024-06-27,1012.26
2024-06-28,1018.11
2024-06-29,
2024-06-30,
2024-07-01,1011.83
2024-07-02,1012.54
2024-07-03,1017.18
2024-07-04,1012.9
2024-07-05,1012.6
2024-07-06,
2024-07-07,
2024-07-08,1011.17
2024-07-09,1016.86
2024-07-10,1007.9
2024-07-11,994.33
2024-07-12,987.53
2024-07-13,
2024-07-14,
2024-07-15,992.52
2024-07-16,
2024-07-17,992.58
2024-07-18,1008.21
2024-07-19,1024.69
2024-07-20,
2024-07-21,
2024-07-22,1026.84
2024-07-23,1033.43
2024-07-24,1027.45
2024-07-25,1028.5
2024-07-26,1027.87
2024-07-27,
2024-07-28,
2024-07-29,1031.91
2024-07-30,1035.31
2024-07-31,1034.36
2024-08-01,1020.96
2024-08-02,1012.77
2024-08-03,
2024-08-04,
2024-08-05,1037.88
2024-08-06,1048.93
2024-08-07,1035.28
2024-08-08,1030.86
2024-08-09,1022.79
2024-08-10,
2024-08-11,
2024-08-12,1018.26
2024-08-13,1018.65
2024-08-14,1024.71
2024-08-15,
2024-08-16,1025.76
2024-08-17,
2024-08-18,
2024-08-19,1028.46
2024-08-20,1029.88
2024-08-21,1025.89
2024-08-22,1026.09
2024-08-23,1021.81
2024-08-24,
2024-08-25,
2024-08-26,1019.71
2024-08-27,1013.01
2024-08-28,1015.01
2024-08-29,1013.42
2024-08-30,1016.37
2024-08-31,
2024-09-01,
2024-09-02,1010.27
2024-09-03,1013.11
2024-09-04,1021.87
2024-09-05,1038.49
2024-09-06,1045.92
2024-09-07,
2024-09-08,
2024-09-09,1045.31
2024-09-10,1045.55
2024-09-11,1046.03
2024-09-12,1039.49
2024-09-13,1031.34
2024-09-14,
2024-09-15,
2024-09-16,1025.72
2024-09-17,1026.99
2024-09-18,
2024-09-19,
2024-09-20,
2024-09-21,
2024-09-22,
2024-09-23,1030.51
2024-09-24,1028.71
2024-09-25,1017.08
2024-09-26,1015.52
2024-09-27,1006.83
2024-09-28,
2024-09-29,
2024-09-30,1000.17
2024-10-01,1001.43
2024-10-02,996.38
2024-10-03,1003.35
2024-10-04,1014.55
2024-10-05,
2024-10-06,
2024-10-07,1012.87
2024-10-08,1016.98
2024-10-09,1024.27
2024-10-10,1022.58
2024-10-11,1016.44
2024-10-12,
2024-10-13,
2024-10-14,1013.43
2024-10-15,1011.96
2024-10-16,1020.24
2024-10-17,1022.6
2024-10-18,1022.96
2024-10-19,
2024-10-20,
2024-10-21,1028.55
2024-10-22,1032.44
2024-10-23,1025.17
2024-10-24,1021.22
2024-10-25,1022.82
2024-10-26,
2024-10-27,
2024-10-28,1025.65
2024-10-29,1023.02
2024-10-30,1027.43
2024-10-31,
2024-11-01,
2024-11-02,
2024-11-03,
2024-11-04,1044.09
2024-11-05,1041.3
2024-11-06,1043.26
2024-11-07,1039.94
2024-11-08,1026.99
2024-11-09,
2024-11-10,
2024-11-11,1030.26
2024-11-12,1044.28
2024-11-13,1042.78
2024-11-14,1037.42
2024-11-15,1030.03
2024-11-16,
2024-11-17,
2024-11-18,1028.29
2024-11-19,1034.04
2024-11-20,1029.96
2024-11-21,1024.2
2024-11-22,1017.91
2024-11-23,
2024-11-24,
2024-11-25,1022.36
2024-11-26,1023.78
2024-11-27,1020.9
2024-11-28,1031.74
2024-11-29,1031.25
2024-11-30,
2024-12-01,
2024-12-02,1031.72
2024-12-03,1026.96
2024-12-04,1023.19
2024-12-05,1026.52
2024-12-06,1026.46
2024-12-07,
2024-12-08,
2024-12-09,1025.56
2024-12-10,1025.18
2024-12-11,1022.1
2024-12-12,1024.15
2024-12-13,1024.76
2024-12-14,
2024-12-15,
2024-12-16,1031.96
2024-12-17,1040.5
2024-12-18,1040.83
2024-12-19,1035.34
2024-12-20,1032.92
2024-12-21,
2024-12-22,
2024-12-23,1034.2
2024-12-24,1032.96
2024-12-25,
2024-12-26,1027.61
2024-12-27,1031.81
2024-12-28,
2024-12-29,
2024-12-30,1033.57
2024-12-31,
2025-01-01,
2025-01-02,1035.28
2025-01-03,1025.9
2025-01-04,
2025-01-05,
2025-01-06,1042.25
2025-01-07,1049.71
2025-01-08,1042.66
2025-01-09,1038.03
2025-01-10,1033.69
2025-01-11,
2025-01-12,
2025-01-13,1033.7
2025-01-14,1034.59
2025-01-15,1033.29
2025-01-16,1030.69
2025-01-17,1041.4
2025-01-18,
2025-01-19,
2025-01-20,1040.88
2025-01-21,1040.43
2025-01-22,1044.88
2025-01-23,1036.47
2025-01-24,1031.93
2025-01-25,
2025-01-26,
2025-01-27,1033.49
2025-01-28,1033.82
2025-01-29,1034.59
2025-01-30,1032.66
2025-01-31,1029.27
2025-02-01,
2025-02-02,
2025-02-03,1025.66
2025-02-04,1015.03
2025-02-05,1013.98
2025-02-06,1009.97
2025-02-07,1004.04
2025-02-08,
2025-02-09,
2025-02-10,991.64
2025-02-11,990.73
2025-02-12,995.13
2025-02-13,996.28
2025-02-14,990.42
2025-02-15,
2025-02-16,
2025-02-17,986.7
2025-02-18,992.8
2025-02-19,992.82
2025-02-20,990.72
2025-02-21,990.61
2025-02-22,
2025-02-23,
2025-02-24,985.59
2025-02-25,992.0
2025-02-26,987.4
2025-02-27,989.45
2025-02-28,990.02
2025-03-01,
2025-03-02,
2025-03-03,992.53
2025-03-04,999.8
2025-03-05,999.86
2025-03-06,1010.14
2025-03-07,1000.89
2025-03-08,
2025-03-09,
2025-03-10,1006.34
2025-03-11,1008.92
2025-03-12,1024.76
2025-03-13,1017.0
2025-03-14,1021.07
2025-03-15,
2025-03-16,
2025-03-17,1014.54
2025-03-18,1007.88
2025-03-19,1004.78
2025-03-20,997.67
2025-03-21,1004.17
2025-03-22,
2025-03-23,
2025-03-24,1008.15
2025-03-25,999.69
2025-03-26,994.29
2025-03-27,991.15
2025-03-28,1005.99
2025-03-29,
2025-03-30,
2025-03-31,1023.7
2025-04-01,1030.68
2025-04-02,1021.57
2025-04-03,1030.97
2025-04-04,1043.88
2025-04-05,
2025-04-06,
2025-04-07,1067.4
2025-04-08,1082.95
2025-04-09,1088.48
2025-04-10,1094.7
2025-04-11,1110.33
2025-04-12,
2025-04-13,
2025-04-14,1105.94
2025-04-15,1096.19
2025-04-16,1090.11
2025-04-17,1102.65
2025-04-18,
2025-04-19,
2025-04-20,
2025-04-21,1100.43
2025-04-22,1107.18
2025-04-23,1086.13
2025-04-24,1061.95
2025-04-25,1066.54
2025-04-26,
2025-04-27,
2025-04-28,1065.57
2025-04-29,1069.76
2025-04-30,1075.93
2025-05-01,
2025-05-02,1084.51
2025-05-03,
2025-05-04,
2025-05-05,1063.34
2025-05-06,1062.83
2025-05-07,1067.69
2025-05-08,1072.66
2025-05-09,1056.48
2025-05-10,
2025-05-11,
2025-05-12,1050.73
2025-05-13,1042.42
2025-05-14,1051.3
2025-05-15,1049.99
2025-05-16,1050.79
2025-05-17,
2025-05-18,
2025-05-19,1052.91
2025-05-20,1051.87
2025-05-21,
2025-05-22,1062.36
2025-05-23,1065.33
2025-05-24,
2025-05-25,
2025-05-26,1068.86
2025-05-27,1067.93
2025-05-28,1063.17
2025-05-29,1061.42
2025-05-30,1066.65
2025-05-31,
2025-06-01,
2025-06-02,1069.93
2025-06-03,1074.01
2025-06-04,1070.89
2025-06-05,1070.24
2025-06-06,1064.73
2025-06-07,
2025-06-08,
2025-06-09,1064.41
2025-06-10,1070.84
2025-06-11,1072.39
2025-06-12,1075.78
2025-06-13,1076.8
2025-06-14,
2025-06-15,
2025-06-16,1082.64
2025-06-17,1082.79
2025-06-18,1078.4
2025-06-19,1084.45
2025-06-20,
2025-06-21,
2025-06-22,
2025-06-23,1087.54
2025-06-24,1099.59
2025-06-25,1090.19
2025-06-26,1090.99
2025-06-27,1091.06
2025-06-28,
2025-06-29,
2025-06-30,1094.3
2025-07-01,1099.05
2025-07-02,1091.43
2025-07-03,1092.97
2025-07-04,1090.33
2025-07-05,
2025-07-06,
2025-07-07,1097.9
2025-07-08,1100.9
2025-07-09,1108.31
2025-07-10,1110.85
2025-07-11,1111.22
2025-07-12,
2025-07-13,
2025-07-14,1117.29
2025-07-15,1128.48
2025-07-16,
2025-07-17,1120.24
2025-07-18,1120.0
2025-07-19,
2025-07-20,
2025-07-21,1117.56
2025-07-22,1118.37
2025-07-23,1119.8
2025-07-24,1116.78
2025-07-25,1119.27
2025-07-26,
2025-07-27,
2025-07-28,1124.6
2025-07-29,1123.96
2025-07-30,1120.07
2025-07-31,1121.51
2025-08-01,1116.22
2025-08-02,
2025-08-03,
2025-08-04,1116.02
2025-08-05,1115.81
2025-08-06,1118.08
2025-08-07,1138.55
2025-08-08,1130.36
2025-08-09,
2025-08-10,
2025-08-11,1125.59
2025-08-12,1126.07
2025-08-13,1122.85
2025-08-14,1114.14
2025-08-15,
2025-08-16,
2025-08-17,
2025-08-18,1119.33
2025-08-19,1126.94
2025-08-20,1122.26
2025-08-21,1125.17
2025-08-22,1124.74
2025-08-23,
2025-08-24,
2025-08-25,1130.84
2025-08-26,1119.59
2025-08-27,1123.28
2025-08-28,1126.72
2025-08-29,1130.63
2025-08-30,
2025-08-31,
2025-09-01,1128.98
2025-09-02,1133.5
2025-09-03,1133.37
2025-09-04,1130.7
2025-09-05,1131.04
2025-09-06,
2025-09-07,
2025-09-08,1130.28
2025-09-09,1135.46
2025-09-10,1132.22
2025-09-11,1126.92
2025-09-12,1121.05
2025-09-13,
2025-09-14,
2025-09-15,1120.14
2025-09-16,1119.12
2025-09-17,1125.9
2025-09-18,
2025-09-19,
2025-09-20,
2025-09-21,
2025-09-22,1127.48
2025-09-23,1125.72
2025-09-24,1125.39
2025-09-25,1118.83
2025-09-26,1115.23
2025-09-27,
2025-09-28,
2025-09-29,1121.65
2025-09-30,1127.03
2025-10-01,1131.16
2025-10-02,1124.89
2025-10-03,1126.58
2025-10-04,
2025-10-05,
2025-10-06,1130.61
2025-10-07,1128.0
2025-10-08,1122.46
2025-10-09,1104.15
2025-10-10,1096.84
2025-10-11,
2025-10-12,
2025-10-13,1107.29
2025-10-14,1108.4
2025-10-15,1118.49
2025-10-16,1115.92
2025-10-17,1117.5
2025-10-18,
2025-10-19,
2025-10-20,1120.98
2025-10-21,1110.19
2025-10-22,1104.54
2025-10-23,1104.03
2025-10-24,1097.32
2025-10-25,
2025-10-26,
2025-10-27,1097.06
2025-10-28,1091.81
2025-10-29,1098.24
2025-10-30,1095.72
2025-10-31,
2025-11-01,
2025-11-02,
2025-11-03,1091.35
2025-11-04,1084.68
2025-11-05,1085.48
2025-11-06,1085.52
2025-11-07,1085.67
2025-11-08,
2025-11-09,
2025-11-10,1095.57
2025-11-11,1086.81
2025-11-12,1086.38
2025-11-13,1080.88
2025-11-14,1078.45
2025-11-15,
2025-11-16,
2025-11-17,1082.94
2025-11-18,1066.46
2025-11-19,1075.53
2025-11-20,1074.11
2025-11-21,1071.14
2025-11-22,
2025-11-23,
2025-11-24,1078.54
2025-11-25,1081.96
2025-11-26,1084.66
2025-11-27,1078.79
2025-11-28,1077.26
2025-11-29,
2025-11-30,
2025-12-01,1076.5
2025-12-02,1078.64
2025-12-03,1073.64
2025-12-04,1072.51
2025-12-05,1070.23
2025-12-06,
2025-12-07,
2025-12-08,
2025-12-09,1070.66
2025-12-10,1077.78
2025-12-11,1076.91
2025-12-12,1077.94
2025-12-13,
2025-12-14,
2025-12-15,1071.57
2025-12-16,1071.46
2025-12-17,1075.62
2025-12-18,1077.96
2025-12-19,1072.42
2025-12-20,
2025-12-21,
2025-12-22,1066.21
2025-12-23,1068.08
2025-12-24,1067.15
2025-12-25,
2025-12-26,1066.01
2025-12-27,
2025-12-28,
2025-12-29,1064.42
2025-12-30,1070.72
2025-12-31,
2026-01-01,
2026-01-02,1066.58
2026-01-03,
2026-01-04,
2026-01-05,1057.78
2026-01-06,1060.38
2026-01-07,1048.91
2026-01-08,1046.44
2026-01-09,1044.84
2026-01-10,
2026-01-11,
2026-01-12,1041.57
2026-01-13,1033.62
2026-01-14,1029.42
2026-01-15,1028.36
2026-01-16,1026.9
2026-01-17,
2026-01-18,
2026-01-19,1028.78
2026-01-20,1034.65
2026-01-21,1043.69
2026-01-22,1027.87
2026-01-23,1024.21
2026-01-24,
2026-01-25,
2026-01-26,1026.42
2026-01-27,1025.04
2026-01-28,1032.04
2026-01-29,1023.93
2026-01-30,1026.24
2026-01-31,
2026-02-01,
2026-02-02,1027.19
2026-02-03,1025.17
2026-02-04,1015.87
2026-02-05,1012.26
2026-02-06,1021.56
2026-02-07,
2026-02-08,
2026-02-09,1015.79
2026-02-10,1016.96
2026-02-11,1018.63
2026-02-12,1018.05
2026-02-13,1013.9
2026-02-14,
2026-02-15,
2026-02-16,1025.53
2026-02-17,1022.41
2026-02-18,1027.87
2026-02-19,1019.35
2026-02-20,1019.69
2026-02-21,
2026-02-22,
2026-02-23,1020.99
2026-02-24,1023.23
2026-02-25,1019.87
2026-02-26,1012.85
2026-02-27,1014.48
2026-02-28,
2026-03-01,
2026-03-02,1029.91
2026-03-03,1034.53
2026-03-04,1050.68
2026-03-05,1041.22
2026-03-06,1051.14
2026-03-07,
2026-03-08,
2026-03-09,1069.2
2026-03-10,1061.34
2026-03-11,1041.35
2026-03-12,1036.64
2026-03-13,1048.68
2026-03-14,
2026-03-15,
2026-03-16,1045.62
2026-03-17,1045.19
2026-03-18,1045.28
2026-03-19,1050.2
2026-03-20,1063.57
2026-03-21,
2026-03-22,
2026-03-23,1067.95
2026-03-24,1061.54
2026-03-25,1059.54
2026-03-26,1057.8
2026-03-27,1064.63
2026-03-28,
2026-03-29,
2026-03-30,1070.45
2026-03-31,1067.58
2026-04-01,1071.09
2026-04-02,1062.96
2026-04-03,
2026-04-04,
2026-04-05,
2026-04-06,1064.37
2026-04-07,1055.97
2026-04-08,1068.18
2026-04-09,1043.94
2026-04-10,1046.3
2026-04-11,
2026-04-12,
2026-04-13,1044.25
2026-04-14,1056.61
2026-04-15,1045.96
2026-04-16,1045.53
2026-04-17,1043.96
2026-04-18,
2026-04-19,
2026-04-20,1032.91
2026-04-21,1038.44
2026-04-22,1041.88
2026-04-23,1042.0
2026-04-24,1043.24
2026-04-25,
2026-04-26,
2026-04-27,1048.58
2026-04-28,1048.15
2026-04-29,1049.58
2026-04-30,1052.6
2026-05-01,
2026-05-02,
2026-05-03,
2026-05-04,1059.54
2026-05-05,1064.09
2026-05-06,1059.15
2026-05-07,1048.91
2026-05-08,1042.89
2026-05-09,
2026-05-10,
2026-05-11,1049.34
2026-05-12,1053.17
2026-05-13,1056.23
2026-05-14,1040.96
2026-05-15,1040.4
2026-05-16,
2026-05-17,
2026-05-18,1053.67
2026-05-19,1049.58
2026-05-20,1053.53
2026-05-21,
2026-05-22,1046.26
2026-05-23,
2026-05-24,
2026-05-25,1044.77
2026-05-26,1039.99
2026-05-27,1040.19
2026-05-28,1040.21
2026-05-29,1040.06
2026-05-30,
2026-05-31,
2026-06-01,1038.89
2026-06-02,1038.75
2026-06-03,1032.5
2026-06-04,1037.1
2026-06-05,1039.72
2026-06-06,
2026-06-07,
2026-06-08,1048.84
2026-06-09,1060.12
2026-06-10,1058.43
2026-06-11,1057.95
2026-06-12,1050.53
2026-06-13,
2026-06-14,
2026-06-15,1040.98
2026-06-16,1032.39
2026-06-17,1029.17
2026-06-18,1020.16
2026-06-19,1028.3
2026-06-20,
2026-06-21,
2026-06-22,1033.63
2026-06-23,1035.06
2026-06-24,1041.73
2026-06-25,1046.35
2026-06-26,1043.08
2026-06-27,
2026-06-28,
2026-06-29,
2026-06-30,1050.38
2026-07-01,1053.47
2026-07-02,1055.13
2026-07-03,1053.85
2026-07-04,
2026-07-05,
2026-07-06,1054.38
2026-07-07,1059.54
2026-07-08,1059.48
2026-07-09,1069.14
2026-07-10,1062.19
2026-07-11,
2026-07-12,
2026-07-13,1055.87
2026-07-14,1057.66
2026-07-15,1056.29
2026-07-16,
2026-07-17,1060.81
2026-07-18,
2026-07-19,
2026-07-20,1068.07
2026-07-21,1065.07
2026-07-22,1063.55
2026-07-23,1068.33
2026-07-24,1076.37
2026-07-25,
2026-07-26,
2026-07-27,1075.65
2026-07-28,1070.98
2026-07-29,1066.12
2026-07-30,1069.47
2026-07-31,1066.4
2026-08-01,
2026-08-02,
2026-08-03,1070.35
2026-08-04,1064.56
2026-08-05,1054.01
2026-08-06,1053.36
2026-08-07,1053.08
2026-08-08,
2026-08-09,
2026-08-10,1054.31
2026-08-11,1057.59
2026-08-12,1055.05
2026-08-13,1050.93
2026-08-14,1052.92
2026-08-15,
2026-08-16,
2026-08-17,1056.03
2026-08-18,1058.09
2026-08-19,1067.39
2026-08-20,1073.94
2026-08-21,1077.66
2026-08-22,
2026-08-23,
2026-08-24,1072.63
2026-08-25,1066.64
2026-08-26,1064.01
2026-08-27,1070.17
2026-08-28,1077.75
2026-08-29,
2026-08-30,
2026-08-31,1076.06
2026-09-01,1084.21
2026-09-02,1085.59
2026-09-03,1084.83
2026-09-04,1086.06
2026-09-05,
2026-09-06,
2026-09-07,1084.81
2026-09-08,1085.58
2026-09-09,1077.59
2026-09-10,1077.71
2026-09-11,1088.97
2026-09-12,
2026-09-13,
2026-09-14,1091.29
2026-09-15,1106.59
2026-09-16,1102.31
2026-09-17,1100.95
